SolidWorks IGES file using analytic representation for surfaces         S      1
1H,,1H;,10H9_ROLLER 2,119HC:\Users\kaziw\OneDrive\Desktop\DESIGN OF MACHG      1
INE SYSTEMS\ASSIGNMENT 1 SUGERCANE MACHINE\SUGARCANE FINAL\9_ROLLER 2.IGG      2
S,15HSolidWorks 2023,15HSolidWorks 2023,32,308,15,308,15,10H9_ROLLER 2, G      3
1.,2,2HMM,50,0.125,13H240912.004323,1E-08,499990.,5Hkaziw,,11,0,13H24091G      4
2.004323;                                                               G      5
     314       1       0       0       0                        00000200D      1
     314       0       6       1       0                               0D      2
     110       2       0       0       0                        01010000D      3
     110       0       0       1       0                               0D      4
     110       3       0       0       0                        01010000D      5
     110       0       0       1       0                               0D      6
     120       4       0       0       0                        01010000D      7
     120       0       0       1       0                               0D      8
     126       5       0       0       0                        01010500D      9
     126       0       0       2       0                               0D     10
     124       7       0       0       0                        00000000D     11
     124       0       0       4       0                               0D     12
     100      11       0       0       0              11        01010000D     13
     100       0       0       1       0                               0D     14
     126      12       0       0       0                        01010500D     15
     126       0       0       2       0                               0D     16
     110      14       0       0       0                        01010000D     17
     110       0       0       1       0                               0D     18
     126      15       0       0       0                        01010500D     19
     126       0       0       2       0                               0D     20
     124      17       0       0       0                        00000000D     21
     124       0       0       3       0                               0D     22
     100      20       0       0       0              21        01010000D     23
     100       0       0       1       0                               0D     24
     126      21       0       0       0                        01010500D     25
     126       0       0       2       0                               0D     26
     110      23       0       0       0                        01010000D     27
     110       0       0       1       0                               0D     28
     126      24       0       0       0                        01010500D     29
     126       0       0       2       0                               0D     30
     124      26       0       0       0                        00000000D     31
     124       0       0       3       0                               0D     32
     100      29       0       0       0              31        01010000D     33
     100       0       0       1       0                               0D     34
     126      30       0       0       0                        01010500D     35
     126       0       0       2       0                               0D     36
     110      32       0       0       0                        01010000D     37
     110       0       0       1       0                               0D     38
     102      33       0       0       0                        01010500D     39
     102       0       0       1       0                               0D     40
     102      34       0       0       0                        01010000D     41
     102       0       0       1       0                               0D     42
     142      35       0       0       0                        00010500D     43
     142       0       0       1       0                               0D     44
     144      36       0       0       0                        00000000D     45
     144       0      -1       1       0                               0D     46
     110      37       0       0       0                        01010000D     47
     110       0       0       1       0                               0D     48
     110      38       0       0       0                        01010000D     49
     110       0       0       1       0                               0D     50
     120      39       0       0       0                        01010000D     51
     120       0       0       1       0                               0D     52
     126      40       0       0       0                        01010500D     53
     126       0       0       2       0                               0D     54
     124      42       0       0       0                        00000000D     55
     124       0       0       3       0                               0D     56
     100      45       0       0       0              55        01010000D     57
     100       0       0       1       0                               0D     58
     126      46       0       0       0                        01010500D     59
     126       0       0       2       0                               0D     60
     110      48       0       0       0                        01010000D     61
     110       0       0       1       0                               0D     62
     126      49       0       0       0                        01010500D     63
     126       0       0       2       0                               0D     64
     124      51       0       0       0                        00000000D     65
     124       0       0       3       0                               0D     66
     100      54       0       0       0              65        01010000D     67
     100       0       0       1       0                               0D     68
     126      55       0       0       0                        01010500D     69
     126       0       0       2       0                               0D     70
     110      57       0       0       0                        01010000D     71
     110       0       0       1       0                               0D     72
     126      58       0       0       0                        01010500D     73
     126       0       0       2       0                               0D     74
     124      60       0       0       0                        00000000D     75
     124       0       0       4       0                               0D     76
     100      64       0       0       0              75        01010000D     77
     100       0       0       1       0                               0D     78
     126      65       0       0       0                        01010500D     79
     126       0       0       2       0                               0D     80
     110      67       0       0       0                        01010000D     81
     110       0       0       1       0                               0D     82
     102      68       0       0       0                        01010500D     83
     102       0       0       1       0                               0D     84
     102      69       0       0       0                        01010000D     85
     102       0       0       1       0                               0D     86
     142      70       0       0       0                        00010500D     87
     142       0       0       1       0                               0D     88
     144      71       0       0       0                        00000000D     89
     144       0      -1       1       0                               0D     90
     110      72       0       0       0                        01010000D     91
     110       0       0       1       0                               0D     92
     110      73       0       0       0                        01010000D     93
     110       0       0       1       0                               0D     94
     120      74       0       0       0                        01010000D     95
     120       0       0       1       0                               0D     96
     126      75       0       0       0                        01010500D     97
     126       0       0       2       0                               0D     98
     124      77       0       0       0                        00000000D     99
     124       0       0       3       0                               0D    100
     100      80       0       0       0              99        01010000D    101
     100       0       0       1       0                               0D    102
     126      81       0       0       0                        01010500D    103
     126       0       0       2       0                               0D    104
     110      83       0       0       0                        01010000D    105
     110       0       0       1       0                               0D    106
     126      84       0       0       0                        01010500D    107
     126       0       0       2       0                               0D    108
     124      86       0       0       0                        00000000D    109
     124       0       0       3       0                               0D    110
     100      89       0       0       0             109        01010000D    111
     100       0       0       1       0                               0D    112
     126      90       0       0       0                        01010500D    113
     126       0       0       2       0                               0D    114
     110      92       0       0       0                        01010000D    115
     110       0       0       1       0                               0D    116
     102      93       0       0       0                        01010500D    117
     102       0       0       1       0                               0D    118
     102      94       0       0       0                        01010000D    119
     102       0       0       1       0                               0D    120
     142      95       0       0       0                        00010500D    121
     142       0       0       1       0                               0D    122
     144      96       0       0       0                        00000000D    123
     144       0      -1       1       0                               0D    124
     110      97       0       0       0                        01010000D    125
     110       0       0       1       0                               0D    126
     110      98       0       0       0                        01010000D    127
     110       0       0       1       0                               0D    128
     120      99       0       0       0                        01010000D    129
     120       0       0       1       0                               0D    130
     126     100       0       0       0                        01010500D    131
     126       0       0       2       0                               0D    132
     110     102       0       0       0                        01010000D    133
     110       0       0       1       0                               0D    134
     126     103       0       0       0                        01010500D    135
     126       0       0       2       0                               0D    136
     124     105       0       0       0                        00000000D    137
     124       0       0       3       0                               0D    138
     100     108       0       0       0             137        01010000D    139
     100       0       0       1       0                               0D    140
     126     109       0       0       0                        01010500D    141
     126       0       0       2       0                               0D    142
     110     111       0       0       0                        01010000D    143
     110       0       0       1       0                               0D    144
     126     112       0       0       0                        01010500D    145
     126       0       0       2       0                               0D    146
     124     114       0       0       0                        00000000D    147
     124       0       0       3       0                               0D    148
     100     117       0       0       0             147        01010000D    149
     100       0       0       1       0                               0D    150
     102     118       0       0       0                        01010500D    151
     102       0       0       1       0                               0D    152
     102     119       0       0       0                        01010000D    153
     102       0       0       1       0                               0D    154
     142     120       0       0       0                        00010500D    155
     142       0       0       1       0                               0D    156
     144     121       0       0       0                        00000000D    157
     144       0      -1       1       0                               0D    158
     128     122       0       0       0                        01010000D    159
     128       0       0       3       0                               0D    160
     126     125       0       0       0                        01010500D    161
     126       0       0      44       0                               0D    162
     124     169       0       0       0                        00000000D    163
     124       0       0       3       0                               0D    164
     100     172       0       0       0             163        01010000D    165
     100       0       0       1       0                               0D    166
     126     173       0       0       0                        01010500D    167
     126       0       0      44       0                               0D    168
     124     217       0       0       0                        00000000D    169
     124       0       0       3       0                               0D    170
     100     220       0       0       0             169        01010000D    171
     100       0       0       1       0                               0D    172
     102     221       0       0       0                        01010500D    173
     102       0       0       1       0                               0D    174
     102     222       0       0       0                        01010000D    175
     102       0       0       1       0                               0D    176
     142     223       0       0       0                        00010500D    177
     142       0       0       1       0                               0D    178
     126     224       0       0       0                        01010500D    179
     126       0       0      22       0                               0D    180
     124     246       0       0       0                        00000000D    181
     124       0       0       3       0                               0D    182
     100     249       0       0       0             181        01010000D    183
     100       0       0       1       0                               0D    184
     126     250       0       0       0                        01010500D    185
     126       0       0      22       0                               0D    186
     124     272       0       0       0                        00000000D    187
     124       0       0       3       0                               0D    188
     100     275       0       0       0             187        01010000D    189
     100       0       0       1       0                               0D    190
     102     276       0       0       0                        01010500D    191
     102       0       0       1       0                               0D    192
     102     277       0       0       0                        01010000D    193
     102       0       0       1       0                               0D    194
     142     278       0       0       0                        00010500D    195
     142       0       0       1       0                               0D    196
     144     279       0       0       0                        00000000D    197
     144       0      -1       1       0                               0D    198
     128     280       0       0       0                        01010000D    199
     128       0       0       3       0                               0D    200
     126     283       0       0       0                        01010500D    201
     126       0       0      44       0                               0D    202
     124     327       0       0       0                        00000000D    203
     124       0       0       3       0                               0D    204
     100     330       0       0       0             203        01010000D    205
     100       0       0       1       0                               0D    206
     126     331       0       0       0                        01010500D    207
     126       0       0      44       0                               0D    208
     124     375       0       0       0                        00000000D    209
     124       0       0       3       0                               0D    210
     100     378       0       0       0             209        01010000D    211
     100       0       0       1       0                               0D    212
     102     379       0       0       0                        01010500D    213
     102       0       0       1       0                               0D    214
     102     380       0       0       0                        01010000D    215
     102       0       0       1       0                               0D    216
     142     381       0       0       0                        00010500D    217
     142       0       0       1       0                               0D    218
     126     382       0       0       0                        01010500D    219
     126       0       0      22       0                               0D    220
     124     404       0       0       0                        00000000D    221
     124       0       0       3       0                               0D    222
     100     407       0       0       0             221        01010000D    223
     100       0       0       1       0                               0D    224
     126     408       0       0       0                        01010500D    225
     126       0       0      22       0                               0D    226
     124     430       0       0       0                        00000000D    227
     124       0       0       3       0                               0D    228
     100     433       0       0       0             227        01010000D    229
     100       0       0       1       0                               0D    230
     102     434       0       0       0                        01010500D    231
     102       0       0       1       0                               0D    232
     102     435       0       0       0                        01010000D    233
     102       0       0       1       0                               0D    234
     142     436       0       0       0                        00010500D    235
     142       0       0       1       0                               0D    236
     144     437       0       0       0                        00000000D    237
     144       0      -1       1       0                               0D    238
     110     438       0       0       0                        01010000D    239
     110       0       0       1       0                               0D    240
     110     439       0       0       0                        01010000D    241
     110       0       0       1       0                               0D    242
     120     440       0       0       0                        01010000D    243
     120       0       0       1       0                               0D    244
     126     441       0       0       0                        01010500D    245
     126       0       0       2       0                               0D    246
     110     443       0       0       0                        01010000D    247
     110       0       0       1       0                               0D    248
     126     444       0       0       0                        01010500D    249
     126       0       0       2       0                               0D    250
     124     446       0       0       0                        00000000D    251
     124       0       0       3       0                               0D    252
     100     449       0       0       0             251        01010000D    253
     100       0       0       1       0                               0D    254
     126     450       0       0       0                        01010500D    255
     126       0       0       2       0                               0D    256
     110     452       0       0       0                        01010000D    257
     110       0       0       1       0                               0D    258
     126     453       0       0       0                        01010500D    259
     126       0       0       2       0                               0D    260
     124     455       0       0       0                        00000000D    261
     124       0       0       3       0                               0D    262
     100     458       0       0       0             261        01010000D    263
     100       0       0       1       0                               0D    264
     126     459       0       0       0                        01010500D    265
     126       0       0       2       0                               0D    266
     110     461       0       0       0                        01010000D    267
     110       0       0       1       0                               0D    268
     126     462       0       0       0                        01010500D    269
     126       0       0       2       0                               0D    270
     124     464       0       0       0                        00000000D    271
     124       0       0       4       0                               0D    272
     100     468       0       0       0             271        01010000D    273
     100       0       0       1       0                               0D    274
     102     469       0       0       0                        01010500D    275
     102       0       0       1       0                               0D    276
     102     470       0       0       0                        01010000D    277
     102       0       0       1       0                               0D    278
     142     471       0       0       0                        00010500D    279
     142       0       0       1       0                               0D    280
     144     472       0       0       0                        00000000D    281
     144       0      -1       1       0                               0D    282
     110     473       0       0       0                        01010000D    283
     110       0       0       1       0                               0D    284
     110     474       0       0       0                        01010000D    285
     110       0       0       1       0                               0D    286
     120     475       0       0       0                        01010000D    287
     120       0       0       1       0                               0D    288
     126     476       0       0       0                        01010500D    289
     126       0       0       2       0                               0D    290
     110     478       0       0       0                        01010000D    291
     110       0       0       1       0                               0D    292
     126     479       0       0       0                        01010500D    293
     126       0       0       2       0                               0D    294
     124     481       0       0       0                        00000000D    295
     124       0       0       3       0                               0D    296
     100     484       0       0       0             295        01010000D    297
     100       0       0       1       0                               0D    298
     126     485       0       0       0                        01010500D    299
     126       0       0       2       0                               0D    300
     110     487       0       0       0                        01010000D    301
     110       0       0       1       0                               0D    302
     126     488       0       0       0                        01010500D    303
     126       0       0       2       0                               0D    304
     124     490       0       0       0                        00000000D    305
     124       0       0       4       0                               0D    306
     100     494       0       0       0             305        01010000D    307
     100       0       0       1       0                               0D    308
     126     495       0       0       0                        01010500D    309
     126       0       0       2       0                               0D    310
     110     497       0       0       0                        01010000D    311
     110       0       0       1       0                               0D    312
     126     498       0       0       0                        01010500D    313
     126       0       0       2       0                               0D    314
     124     500       0       0       0                        00000000D    315
     124       0       0       3       0                               0D    316
     100     503       0       0       0             315        01010000D    317
     100       0       0       1       0                               0D    318
     102     504       0       0       0                        01010500D    319
     102       0       0       1       0                               0D    320
     102     505       0       0       0                        01010000D    321
     102       0       0       1       0                               0D    322
     142     506       0       0       0                        00010500D    323
     142       0       0       1       0                               0D    324
     144     507       0       0       0                        00000000D    325
     144       0      -1       1       0                               0D    326
     128     508       0       0       0                        01010000D    327
     128       0       0       3       0                               0D    328
     126     511       0       0       0                        01010500D    329
     126       0       0      22       0                               0D    330
     124     533       0       0       0                        00000000D    331
     124       0       0       4       0                               0D    332
     100     537       0       0       0             331        01010000D    333
     100       0       0       1       0                               0D    334
     126     538       0       0       0                        01010500D    335
     126       0       0      22       0                               0D    336
     124     560       0       0       0                        00000000D    337
     124       0       0       3       0                               0D    338
     100     563       0       0       0             337        01010000D    339
     100       0       0       1       0                               0D    340
     126     564       0       0       0                        01010500D    341
     126       0       0       2       0                               0D    342
     110     566       0       0       0                        01010000D    343
     110       0       0       1       0                               0D    344
     126     567       0       0       0                        01010500D    345
     126       0       0       2       0                               0D    346
     110     569       0       0       0                        01010000D    347
     110       0       0       1       0                               0D    348
     126     570       0       0       0                        01010500D    349
     126       0       0       2       0                               0D    350
     110     572       0       0       0                        01010000D    351
     110       0       0       1       0                               0D    352
     102     573       0       0       0                        01010500D    353
     102       0       0       1       0                               0D    354
     102     574       0       0       0                        01010000D    355
     102       0       0       1       0                               0D    356
     142     575       0       0       0                        00010500D    357
     142       0       0       1       0                               0D    358
     144     576       0       0       0                        00000000D    359
     144       0      -1       1       0                               0D    360
     128     577       0       0       0                        01010000D    361
     128       0       0       3       0                               0D    362
     126     580       0       0       0                        01010500D    363
     126       0       0      22       0                               0D    364
     124     602       0       0       0                        00000000D    365
     124       0       0       4       0                               0D    366
     100     606       0       0       0             365        01010000D    367
     100       0       0       1       0                               0D    368
     126     607       0       0       0                        01010500D    369
     126       0       0      22       0                               0D    370
     124     629       0       0       0                        00000000D    371
     124       0       0       3       0                               0D    372
     100     632       0       0       0             371        01010000D    373
     100       0       0       1       0                               0D    374
     126     633       0       0       0                        01010500D    375
     126       0       0       2       0                               0D    376
     110     635       0       0       0                        01010000D    377
     110       0       0       1       0                               0D    378
     126     636       0       0       0                        01010500D    379
     126       0       0       2       0                               0D    380
     110     638       0       0       0                        01010000D    381
     110       0       0       1       0                               0D    382
     126     639       0       0       0                        01010500D    383
     126       0       0       2       0                               0D    384
     110     641       0       0       0                        01010000D    385
     110       0       0       1       0                               0D    386
     102     642       0       0       0                        01010500D    387
     102       0       0       1       0                               0D    388
     102     643       0       0       0                        01010000D    389
     102       0       0       1       0                               0D    390
     142     644       0       0       0                        00010500D    391
     142       0       0       1       0                               0D    392
     144     645       0       0       0                        00000000D    393
     144       0      -1       1       0                               0D    394
     128     646       0       0       0                        01010000D    395
     128       0       0       3       0                               0D    396
     126     649       0       0       0                        01010500D    397
     126       0       0       2       0                               0D    398
     110     651       0       0       0                        01010000D    399
     110       0       0       1       0                               0D    400
     126     652       0       0       0                        01010500D    401
     126       0       0       2       0                               0D    402
     110     654       0       0       0                        01010000D    403
     110       0       0       1       0                               0D    404
     126     655       0       0       0                        01010500D    405
     126       0       0       2       0                               0D    406
     110     657       0       0       0                        01010000D    407
     110       0       0       1       0                               0D    408
     126     658       0       0       0                        01010500D    409
     126       0       0       2       0                               0D    410
     110     660       0       0       0                        01010000D    411
     110       0       0       1       0                               0D    412
     102     661       0       0       0                        01010500D    413
     102       0       0       1       0                               0D    414
     102     662       0       0       0                        01010000D    415
     102       0       0       1       0                               0D    416
     142     663       0       0       0                        00010500D    417
     142       0       0       1       0                               0D    418
     144     664       0       0       0                        00000000D    419
     144       0      -1       1       0                               0D    420
     128     665       0       0       0                        01010000D    421
     128       0       0       3       0                               0D    422
     126     668       0       0       0                        01010500D    423
     126       0       0       2       0                               0D    424
     110     670       0       0       0                        01010000D    425
     110       0       0       1       0                               0D    426
     126     671       0       0       0                        01010500D    427
     126       0       0       2       0                               0D    428
     110     673       0       0       0                        01010000D    429
     110       0       0       1       0                               0D    430
     126     674       0       0       0                        01010500D    431
     126       0       0       2       0                               0D    432
     110     676       0       0       0                        01010000D    433
     110       0       0       1       0                               0D    434
     126     677       0       0       0                        01010500D    435
     126       0       0       2       0                               0D    436
     110     679       0       0       0                        01010000D    437
     110       0       0       1       0                               0D    438
     102     680       0       0       0                        01010500D    439
     102       0       0       1       0                               0D    440
     102     681       0       0       0                        01010000D    441
     102       0       0       1       0                               0D    442
     142     682       0       0       0                        00010500D    443
     142       0       0       1       0                               0D    444
     144     683       0       0       0                        00000000D    445
     144       0      -1       1       0                               0D    446
     128     684       0       0       0                        01010000D    447
     128       0       0       3       0                               0D    448
     126     687       0       0       0                        01010500D    449
     126       0       0       2       0                               0D    450
     110     689       0       0       0                        01010000D    451
     110       0       0       1       0                               0D    452
     126     690       0       0       0                        01010500D    453
     126       0       0       2       0                               0D    454
     110     692       0       0       0                        01010000D    455
     110       0       0       1       0                               0D    456
     126     693       0       0       0                        01010500D    457
     126       0       0       2       0                               0D    458
     110     695       0       0       0                        01010000D    459
     110       0       0       1       0                               0D    460
     126     696       0       0       0                        01010500D    461
     126       0       0       2       0                               0D    462
     110     698       0       0       0                        01010000D    463
     110       0       0       1       0                               0D    464
     102     699       0       0       0                        01010500D    465
     102       0       0       1       0                               0D    466
     102     700       0       0       0                        01010000D    467
     102       0       0       1       0                               0D    468
     142     701       0       0       0                        00010500D    469
     142       0       0       1       0                               0D    470
     144     702       0       0       0                        00000000D    471
     144       0      -1       1       0                               0D    472
     128     703       0       0       0                        01010000D    473
     128       0       0       3       0                               0D    474
     126     706       0       0       0                        01010500D    475
     126       0       0       4       0                               0D    476
     124     710       0       0       0                        00000000D    477
     124       0       0       3       0                               0D    478
     100     713       0       0       0             477        01010000D    479
     100       0       0       1       0                               0D    480
     126     714       0       0       0                        01010500D    481
     126       0       0       2       0                               0D    482
     110     716       0       0       0                        01010000D    483
     110       0       0       1       0                               0D    484
     126     717       0       0       0                        01010500D    485
     126       0       0       2       0                               0D    486
     110     719       0       0       0                        01010000D    487
     110       0       0       1       0                               0D    488
     126     720       0       0       0                        01010500D    489
     126       0       0       2       0                               0D    490
     110     722       0       0       0                        01010000D    491
     110       0       0       1       0                               0D    492
     126     723       0       0       0                        01010500D    493
     126       0       0       4       0                               0D    494
     124     727       0       0       0                        00000000D    495
     124       0       0       4       0                               0D    496
     100     731       0       0       0             495        01010000D    497
     100       0       0       1       0                               0D    498
     102     732       0       0       0                        01010500D    499
     102       0       0       1       0                               0D    500
     102     733       0       0       0                        01010000D    501
     102       0       0       1       0                               0D    502
     142     734       0       0       0                        00010500D    503
     142       0       0       1       0                               0D    504
     144     735       0       0       0                        00000000D    505
     144       0      -1       1       0                               0D    506
     128     736       0       0       0                        01010000D    507
     128       0       0       3       0                               0D    508
     126     739       0       0       0                        01010500D    509
     126       0       0       2       0                               0D    510
     110     741       0       0       0                        01010000D    511
     110       0       0       1       0                               0D    512
     126     742       0       0       0                        01010500D    513
     126       0       0       2       0                               0D    514
     110     744       0       0       0                        01010000D    515
     110       0       0       1       0                               0D    516
     126     745       0       0       0                        01010500D    517
     126       0       0       2       0                               0D    518
     110     747       0       0       0                        01010000D    519
     110       0       0       1       0                               0D    520
     126     748       0       0       0                        01010500D    521
     126       0       0       2       0                               0D    522
     110     750       0       0       0                        01010000D    523
     110       0       0       1       0                               0D    524
     102     751       0       0       0                        01010500D    525
     102       0       0       1       0                               0D    526
     102     752       0       0       0                        01010000D    527
     102       0       0       1       0                               0D    528
     142     753       0       0       0                        00010500D    529
     142       0       0       1       0                               0D    530
     144     754       0       0       0                        00000000D    531
     144       0      -1       1       0                               0D    532
     128     755       0       0       0                        01010000D    533
     128       0       0       3       0                               0D    534
     126     758       0       0       0                        01010500D    535
     126       0       0       2       0                               0D    536
     110     760       0       0       0                        01010000D    537
     110       0       0       1       0                               0D    538
     126     761       0       0       0                        01010500D    539
     126       0       0       2       0                               0D    540
     110     763       0       0       0                        01010000D    541
     110       0       0       1       0                               0D    542
     126     764       0       0       0                        01010500D    543
     126       0       0       2       0                               0D    544
     110     766       0       0       0                        01010000D    545
     110       0       0       1       0                               0D    546
     126     767       0       0       0                        01010500D    547
     126       0       0       2       0                               0D    548
     110     769       0       0       0                        01010000D    549
     110       0       0       1       0                               0D    550
     102     770       0       0       0                        01010500D    551
     102       0       0       1       0                               0D    552
     102     771       0       0       0                        01010000D    553
     102       0       0       1       0                               0D    554
     142     772       0       0       0                        00010500D    555
     142       0       0       1       0                               0D    556
     144     773       0       0       0                        00000000D    557
     144       0      -1       1       0                               0D    558
     128     774       0       0       0                        01010000D    559
     128       0       0       3       0                               0D    560
     126     777       0       0       0                        01010500D    561
     126       0       0       2       0                               0D    562
     110     779       0       0       0                        01010000D    563
     110       0       0       1       0                               0D    564
     126     780       0       0       0                        01010500D    565
     126       0       0       2       0                               0D    566
     110     782       0       0       0                        01010000D    567
     110       0       0       1       0                               0D    568
     126     783       0       0       0                        01010500D    569
     126       0       0       2       0                               0D    570
     110     785       0       0       0                        01010000D    571
     110       0       0       1       0                               0D    572
     126     786       0       0       0                        01010500D    573
     126       0       0       2       0                               0D    574
     110     788       0       0       0                        01010000D    575
     110       0       0       1       0                               0D    576
     102     789       0       0       0                        01010500D    577
     102       0       0       1       0                               0D    578
     102     790       0       0       0                        01010000D    579
     102       0       0       1       0                               0D    580
     142     791       0       0       0                        00010500D    581
     142       0       0       1       0                               0D    582
     144     792       0       0       0                        00000000D    583
     144       0      -1       1       0                               0D    584
     128     793       0       0       0                        01010000D    585
     128       0       0       3       0                               0D    586
     126     796       0       0       0                        01010500D    587
     126       0       0       4       0                               0D    588
     124     800       0       0       0                        00000000D    589
     124       0       0       3       0                               0D    590
     100     803       0       0       0             589        01010000D    591
     100       0       0       1       0                               0D    592
     126     804       0       0       0                        01010500D    593
     126       0       0       2       0                               0D    594
     110     806       0       0       0                        01010000D    595
     110       0       0       1       0                               0D    596
     126     807       0       0       0                        01010500D    597
     126       0       0       2       0                               0D    598
     110     809       0       0       0                        01010000D    599
     110       0       0       1       0                               0D    600
     126     810       0       0       0                        01010500D    601
     126       0       0       2       0                               0D    602
     110     812       0       0       0                        01010000D    603
     110       0       0       1       0                               0D    604
     126     813       0       0       0                        01010500D    605
     126       0       0       4       0                               0D    606
     124     817       0       0       0                        00000000D    607
     124       0       0       4       0                               0D    608
     100     821       0       0       0             607        01010000D    609
     100       0       0       1       0                               0D    610
     102     822       0       0       0                        01010500D    611
     102       0       0       1       0                               0D    612
     102     823       0       0       0                        01010000D    613
     102       0       0       1       0                               0D    614
     142     824       0       0       0                        00010500D    615
     142       0       0       1       0                               0D    616
     144     825       0       0       0                        00000000D    617
     144       0      -1       1       0                               0D    618
314,64.7058823529412,61.9607843137255,58.8235294117647,;               1P      1
110,0.,470.,0.,0.,-530.,0.;                                            3P      2
110,0.,525.,-15.,0.,370.,-15.;                                         5P      3
120,3,5,0.,6.28318530717959;                                           7P      4
126,1,1,1,0,1,0,0.,0.,1.,1.,1.,1.,0.35483871,2.801755744,0.,           9P      5
0.35483871,3.141592654,0.,0.,1.,0.,0.,1.;                              9P      6
124,0.333333333333335,-0.942809041582063,0.,443.12024954357,          11P      7
5.77304037490329E-17,2.04107799857893E-17,-1.,470.,                   11P      8
0.942809041582063,0.333333333333335,6.12323399573677E-17,             11P      9
-156.666666666667;                                                    11P     10
100,0.,0.,470.,15.,470.,14.142135624,475.;                            13P     11
126,1,1,1,0,1,0,0.,0.,1.,1.,1.,1.,0.35483871,3.141592654,0.,1.,       15P     12
3.141592654,0.,0.,1.,0.,0.,1.;                                        15P     13
110,0.,470.,15.,0.,370.,15.;                                          17P     14
126,1,1,1,0,1,0,0.,0.,1.,1.,1.,1.,1.,3.141592654,0.,1.,0.,0.,         19P     15
0.,1.,0.,0.,1.;                                                       19P     16
124,1.40271576953299E-14,1.,0.,-370.,-6.12323399573677E-17,           21P     17
8.58915688636046E-31,1.,370.,1.,-1.40271576953299E-14,                21P     18
6.12323399573677E-17,5.19004834727206E-12;                            21P     19
100,0.,0.,370.,15.,370.,-15.,370.;                                    23P     20
126,1,1,1,0,1,0,0.,0.,1.,1.,1.,1.,1.,0.,0.,0.,0.,0.,0.,1.,0.,         25P     21
0.,1.;                                                                25P     22
110,0.,370.,-15.,0.,525.,-15.;                                        27P     23
126,1,1,1,0,1,0,0.,0.,1.,1.,1.,1.,0.,0.,0.,0.,2.801755744,0.,         29P     24
0.,1.,0.,0.,1.;                                                       29P     25
124,1.40271576953299E-14,1.,0.,-525.,-6.12323399573677E-17,           31P     26
8.58915688636046E-31,-1.,525.,-1.,1.40271576953299E-14,               31P     27
6.12323399573677E-17,-7.3642577900482E-12;                            31P     28
100,0.,0.,525.,15.,525.,-14.142135624,530.;                           33P     29
126,1,1,1,0,1,0,0.,0.,1.,1.,1.,1.,0.,2.801755744,0.,0.35483871,       35P     30
2.801755744,0.,0.,1.,0.,0.,1.;                                        35P     31
110,5.,525.,14.142135624,5.,470.,14.142135624;                        37P     32
102,6,9,15,19,25,29,35;                                               39P     33
102,6,13,17,23,27,33,37;                                              41P     34
142,1,7,39,41,1;                                                      43P     35
144,7,1,0,43;                                                         45P     36
110,0.,470.,0.,0.,-530.,0.;                                           47P     37
110,0.,0.,-15.,0.,-155.,-15.;                                         49P     38
120,47,49,0.,6.28318530717959;                                        51P     39
126,1,1,1,0,1,0,0.,0.,1.,1.,1.,1.,0.,0.,0.,0.,3.141592654,0.,         53P     40
0.,1.,0.,0.,1.;                                                       53P     41
124,1.40271576953299E-14,1.,0.,0.,-6.12323399573677E-17,              55P     42
8.58915688636046E-31,-1.,0.,-1.,1.40271576953299E-14,                 55P     43
6.12323399573677E-17,0.;                                              55P     44
100,0.,0.,0.,15.,0.,-15.,0.;                                          57P     45
126,1,1,1,0,1,0,0.,0.,1.,1.,1.,1.,0.,3.141592654,0.,0.64516129,       59P     46
3.141592654,0.,0.,1.,0.,0.,1.;                                        59P     47
110,0.,0.,15.,0.,-100.,15.;                                           61P     48
126,1,1,1,0,1,0,0.,0.,1.,1.,1.,1.,0.64516129,3.141592654,0.,          63P     49
0.64516129,2.801755744,0.,0.,1.,0.,0.,1.;                             63P     50
124,1.40271576953299E-14,1.,0.,100.,-6.12323399573677E-17,            65P     51
8.58915688636046E-31,1.,-100.,1.,-1.40271576953299E-14,               65P     52
6.12323399573677E-17,-1.40271576953299E-12;                           65P     53
100,0.,0.,-100.,15.,-100.,14.142135624,-95.;                          67P     54
126,1,1,1,0,1,0,0.,0.,1.,1.,1.,1.,0.64516129,2.801755744,0.,1.,       69P     55
2.801755744,0.,0.,1.,0.,0.,1.;                                        69P     56
110,5.,-100.,14.142135624,5.,-155.,14.142135624;                      71P     57
126,1,1,1,0,1,0,0.,0.,1.,1.,1.,1.,1.,2.801755744,0.,1.,0.,0.,         73P     58
0.,1.,0.,0.,1.;                                                       73P     59
124,0.333333333333346,0.942809041582059,0.,146.135401445219,          75P     60
-5.77304037490326E-17,2.041077998579E-17,1.,-155.,                    75P     61
0.942809041582059,-0.333333333333346,6.12323399573677E-17,            75P     62
-51.6666666666687;                                                    75P     63
100,0.,0.,-155.,15.,-155.,-14.142135624,-150.;                        77P     64
126,1,1,1,0,1,0,0.,0.,1.,1.,1.,1.,1.,0.,0.,0.,0.,0.,0.,1.,0.,         79P     65
0.,1.;                                                                79P     66
110,0.,-155.,-15.,0.,0.,-15.;                                         81P     67
102,6,53,59,63,69,73,79;                                              83P     68
102,6,57,61,67,71,77,81;                                              85P     69
142,1,51,83,85,1;                                                     87P     70
144,51,1,0,87;                                                        89P     71
110,0.,370.,0.,0.,-630.,0.;                                           91P     72
110,0.,370.,-70.,0.,0.,-70.;                                          93P     73
120,91,93,0.,6.28318530717959;                                        95P     74
126,1,1,1,0,1,0,0.,0.,1.,1.,1.,1.,0.,0.,0.,0.,3.141592654,0.,         97P     75
0.,1.,0.,0.,1.;                                                       97P     76
124,1.40271576953299E-14,1.,0.,-370.,-6.12323399573677E-17,           99P     77
8.58915688636046E-31,-1.,370.,-1.,1.40271576953299E-14,               99P     78
6.12323399573677E-17,-5.19004834727206E-12;                           99P     79
100,0.,0.,370.,70.,370.,-70.,370.;                                   101P     80
126,1,1,1,0,1,0,0.,0.,1.,1.,1.,1.,0.,3.141592654,0.,1.,              103P     81
3.141592654,0.,0.,1.,0.,0.,1.;                                       103P     82
110,0.,370.,70.,0.,0.,70.;                                           105P     83
126,1,1,1,0,1,0,0.,0.,1.,1.,1.,1.,1.,3.141592654,0.,1.,0.,0.,        107P     84
0.,1.,0.,0.,1.;                                                      107P     85
124,1.40271576953299E-14,1.,0.,0.,-6.12323399573677E-17,             109P     86
8.58915688636046E-31,1.,0.,1.,-1.40271576953299E-14,                 109P     87
6.12323399573677E-17,0.;                                             109P     88
100,0.,0.,0.,70.,0.,-70.,0.;                                         111P     89
126,1,1,1,0,1,0,0.,0.,1.,1.,1.,1.,1.,0.,0.,0.,0.,0.,0.,1.,0.,        113P     90
0.,1.;                                                               113P     91
110,0.,0.,-70.,0.,370.,-70.;                                         115P     92
102,4,97,103,107,113;                                                117P     93
102,4,101,105,111,115;                                               119P     94
142,1,95,117,119,1;                                                  121P     95
144,95,1,0,121;                                                      123P     96
110,0.,370.,0.,0.,-630.,0.;                                          125P     97
110,0.,370.,-70.,0.,0.,-70.;                                         127P     98
120,125,127,0.,6.28318530717959;                                     129P     99
126,1,1,1,0,1,0,0.,0.,1.,1.,1.,1.,1.,3.141592654,0.,0.,              131P    100
3.141592654,0.,0.,1.,0.,0.,1.;                                       131P    101
110,0.,0.,70.,0.,370.,70.;                                           133P    102
126,1,1,1,0,1,0,0.,0.,1.,1.,1.,1.,0.,3.141592654,0.,0.,              135P    103
6.283185307,0.,0.,1.,0.,0.,1.;                                       135P    104
124,6.12323399573677E-17,-1.,0.,370.,6.12323399573677E-17,           137P    105
3.74939945665464E-33,-1.,370.,1.,6.12323399573677E-17,               137P    106
6.12323399573677E-17,-2.2655965784226E-14;                           137P    107
100,0.,0.,370.,70.,370.,-70.,370.;                                   139P    108
126,1,1,1,0,1,0,0.,0.,1.,1.,1.,1.,0.,6.283185307,0.,1.,              141P    109
6.283185307,0.,0.,1.,0.,0.,1.;                                       141P    110
110,0.,370.,-70.,0.,0.,-70.;                                         143P    111
126,1,1,1,0,1,0,0.,0.,1.,1.,1.,1.,1.,6.283185307,0.,1.,              145P    112
3.141592654,0.,0.,1.,0.,0.,1.;                                       145P    113
124,6.12323399573677E-17,-1.,0.,0.,6.12323399573677E-17,             147P    114
3.74939945665464E-33,1.,0.,-1.,-6.12323399573677E-17,                147P    115
6.12323399573677E-17,0.;                                             147P    116
100,0.,0.,0.,70.,0.,-70.,0.;                                         149P    117
102,4,131,135,141,145;                                               151P    118
102,4,133,139,143,149;                                               153P    119
142,1,129,151,153,1;                                                 155P    120
144,129,1,0,155;                                                     157P    121
128,1,1,1,1,0,0,1,0,0,0.,0.,1.,1.,0.,0.,1.,1.,1.,1.,1.,1.,           159P    122
-70.84,370.,-70.84,-70.84,370.,70.84,70.84,370.,-70.84,70.84,        159P    123
370.,70.84,0.,1.,0.,1.;                                              159P    124
126,64,2,1,0,1,0,0.,0.,0.,0.03125,0.03125,0.0625,0.0625,             161P    125
0.09375,0.09375,0.125,0.125,0.15625,0.15625,0.1875,0.1875,           161P    126
0.21875,0.21875,0.25,0.25,0.28125,0.28125,0.3125,0.3125,             161P    127
0.34375,0.34375,0.375,0.375,0.40625,0.40625,0.4375,0.4375,           161P    128
0.46875,0.46875,0.5,0.5,0.53125,0.53125,0.5625,0.5625,0.59375,       161P    129
0.59375,0.625,0.625,0.65625,0.65625,0.6875,0.6875,0.71875,           161P    130
0.71875,0.75,0.75,0.78125,0.78125,0.8125,0.8125,0.84375,             161P    131
0.84375,0.875,0.875,0.90625,0.90625,0.9375,0.9375,0.96875,           161P    132
0.96875,1.,1.,1.,1.,1.,1.,1.,1.,1.,1.,1.,1.,1.,1.,1.,1.,1.,1.,       161P    133
1.,1.,1.,1.,1.,1.,1.,1.,1.,1.,1.,1.,1.,1.,1.,1.,1.,1.,1.,1.,1.,      161P    134
1.,1.,1.,1.,1.,1.,1.,1.,1.,1.,1.,1.,1.,1.,1.,1.,1.,1.,1.,1.,1.,      161P    135
1.,1.,1.,1.,1.,1.,1.,1.,0.005928854,0.5,0.,0.005928854,              161P    136
0.475727841,0.,0.008307941,0.451572559,0.,0.010687029,               161P    137
0.427417277,0.,0.015422292,0.403611501,0.,0.020157556,               161P    138
0.379805725,0.,0.027203391,0.356578717,0.,0.034249227,               161P    139
0.333351709,0.,0.04353778,0.310927158,0.,0.052826333,                161P    140
0.288502607,0.,0.06426815,0.267096474,0.,0.075709967,                161P    141
0.245690341,0.,0.089194856,0.225508778,0.,0.102679745,               161P    142
0.205327216,0.,0.118077839,0.186564583,0.,0.133475934,               161P    143
0.16780195,0.,0.150638942,0.150638942,0.,0.16780195,                 161P    144
0.133475934,0.,0.186564583,0.118077839,0.,0.205327216,               161P    145
0.102679745,0.,0.225508778,0.089194856,0.,0.245690341,               161P    146
0.075709967,0.,0.267096474,0.06426815,0.,0.288502607,                161P    147
0.052826333,0.,0.310927158,0.04353778,0.,0.333351709,                161P    148
0.034249227,0.,0.356578717,0.027203391,0.,0.379805725,               161P    149
0.020157556,0.,0.403611501,0.015422292,0.,0.427417277,               161P    150
0.010687029,0.,0.451572559,0.008307941,0.,0.475727841,               161P    151
0.005928854,0.,0.5,0.005928854,0.,0.524272159,0.005928854,0.,        161P    152
0.548427441,0.008307941,0.,0.572582723,0.010687029,0.,               161P    153
0.596388499,0.015422292,0.,0.620194275,0.020157556,0.,               161P    154
0.643421283,0.027203391,0.,0.666648291,0.034249227,0.,               161P    155
0.689072842,0.04353778,0.,0.711497393,0.052826333,0.,                161P    156
0.732903526,0.06426815,0.,0.754309659,0.075709967,0.,                161P    157
0.774491222,0.089194856,0.,0.794672784,0.102679745,0.,               161P    158
0.813435417,0.118077839,0.,0.83219805,0.133475934,0.,                161P    159
0.849361058,0.150638942,0.,0.866524066,0.16780195,0.,                161P    160
0.881922161,0.186564583,0.,0.897320255,0.205327216,0.,               161P    161
0.910805144,0.225508778,0.,0.924290033,0.245690341,0.,               161P    162
0.93573185,0.267096474,0.,0.947173667,0.288502607,0.,                161P    163
0.95646222,0.310927158,0.,0.965750773,0.333351709,0.,                161P    164
0.972796609,0.356578717,0.,0.979842444,0.379805725,0.,               161P    165
0.984577708,0.403611501,0.,0.989312971,0.427417277,0.,               161P    166
0.991692059,0.451572559,0.,0.994071146,0.475727841,0.,               161P    167
0.994071146,0.5,0.,0.,1.,0.,0.,-1.;                                  161P    168
124,6.12323399573677E-17,-1.,0.,370.,6.12323399573677E-17,           163P    169
3.74939945665464E-33,1.,370.,-1.,-6.12323399573677E-17,              163P    170
6.12323399573677E-17,2.2655965784226E-14;                            163P    171
100,0.,0.,370.,70.,370.,-70.,370.;                                   165P    172
126,64,2,1,0,1,0,0.,0.,0.,0.03125,0.03125,0.0625,0.0625,             167P    173
0.09375,0.09375,0.125,0.125,0.15625,0.15625,0.1875,0.1875,           167P    174
0.21875,0.21875,0.25,0.25,0.28125,0.28125,0.3125,0.3125,             167P    175
0.34375,0.34375,0.375,0.375,0.40625,0.40625,0.4375,0.4375,           167P    176
0.46875,0.46875,0.5,0.5,0.53125,0.53125,0.5625,0.5625,0.59375,       167P    177
0.59375,0.625,0.625,0.65625,0.65625,0.6875,0.6875,0.71875,           167P    178
0.71875,0.75,0.75,0.78125,0.78125,0.8125,0.8125,0.84375,             167P    179
0.84375,0.875,0.875,0.90625,0.90625,0.9375,0.9375,0.96875,           167P    180
0.96875,1.,1.,1.,1.,1.,1.,1.,1.,1.,1.,1.,1.,1.,1.,1.,1.,1.,1.,       167P    181
1.,1.,1.,1.,1.,1.,1.,1.,1.,1.,1.,1.,1.,1.,1.,1.,1.,1.,1.,1.,1.,      167P    182
1.,1.,1.,1.,1.,1.,1.,1.,1.,1.,1.,1.,1.,1.,1.,1.,1.,1.,1.,1.,1.,      167P    183
1.,1.,1.,1.,1.,1.,1.,1.,0.994071146,0.5,0.,0.994071146,              167P    184
0.524272159,0.,0.991692059,0.548427441,0.,0.989312971,               167P    185
0.572582723,0.,0.984577708,0.596388499,0.,0.979842444,               167P    186
0.620194275,0.,0.972796609,0.643421283,0.,0.965750773,               167P    187
0.666648291,0.,0.95646222,0.689072842,0.,0.947173667,                167P    188
0.711497393,0.,0.93573185,0.732903526,0.,0.924290033,                167P    189
0.754309659,0.,0.910805144,0.774491222,0.,0.897320255,               167P    190
0.794672784,0.,0.881922161,0.813435417,0.,0.866524066,               167P    191
0.83219805,0.,0.849361058,0.849361058,0.,0.83219805,                 167P    192
0.866524066,0.,0.813435417,0.881922161,0.,0.794672784,               167P    193
0.897320255,0.,0.774491222,0.910805144,0.,0.754309659,               167P    194
0.924290033,0.,0.732903526,0.93573185,0.,0.711497393,                167P    195
0.947173667,0.,0.689072842,0.95646222,0.,0.666648291,                167P    196
0.965750773,0.,0.643421283,0.972796609,0.,0.620194275,               167P    197
0.979842444,0.,0.596388499,0.984577708,0.,0.572582723,               167P    198
0.989312971,0.,0.548427441,0.991692059,0.,0.524272159,               167P    199
0.994071146,0.,0.5,0.994071146,0.,0.475727841,0.994071146,0.,        167P    200
0.451572559,0.991692059,0.,0.427417277,0.989312971,0.,               167P    201
0.403611501,0.984577708,0.,0.379805725,0.979842444,0.,               167P    202
0.356578717,0.972796609,0.,0.333351709,0.965750773,0.,               167P    203
0.310927158,0.95646222,0.,0.288502607,0.947173667,0.,                167P    204
0.267096474,0.93573185,0.,0.245690341,0.924290033,0.,                167P    205
0.225508778,0.910805144,0.,0.205327216,0.897320255,0.,               167P    206
0.186564583,0.881922161,0.,0.16780195,0.866524066,0.,                167P    207
0.150638942,0.849361058,0.,0.133475934,0.83219805,0.,                167P    208
0.118077839,0.813435417,0.,0.102679745,0.794672784,0.,               167P    209
0.089194856,0.774491222,0.,0.075709967,0.754309659,0.,               167P    210
0.06426815,0.732903526,0.,0.052826333,0.711497393,0.,                167P    211
0.04353778,0.689072842,0.,0.034249227,0.666648291,0.,                167P    212
0.027203391,0.643421283,0.,0.020157556,0.620194275,0.,               167P    213
0.015422292,0.596388499,0.,0.010687029,0.572582723,0.,               167P    214
0.008307941,0.548427441,0.,0.005928854,0.524272159,0.,               167P    215
0.005928854,0.5,0.,0.,1.,0.,0.,-1.;                                  167P    216
124,1.40271576953299E-14,1.,0.,-370.,-6.12323399573677E-17,          169P    217
8.58915688636046E-31,1.,370.,1.,-1.40271576953299E-14,               169P    218
6.12323399573677E-17,5.19004834727206E-12;                           169P    219
100,0.,0.,370.,70.,370.,-70.,370.;                                   171P    220
102,2,161,167;                                                       173P    221
102,2,165,171;                                                       175P    222
142,1,159,173,175,1;                                                 177P    223
126,32,2,1,0,1,0,0.,0.,0.,0.0625,0.0625,0.125,0.125,0.1875,          179P    224
0.1875,0.25,0.25,0.3125,0.3125,0.375,0.375,0.4375,0.4375,0.5,        179P    225
0.5,0.5625,0.5625,0.625,0.625,0.6875,0.6875,0.75,0.75,0.8125,        179P    226
0.8125,0.875,0.875,0.9375,0.9375,1.,1.,1.,1.,1.,1.,1.,1.,1.,1.,      179P    227
1.,1.,1.,1.,1.,1.,1.,1.,1.,1.,1.,1.,1.,1.,1.,1.,1.,1.,1.,1.,1.,      179P    228
1.,1.,1.,1.,1.,0.605872388,0.5,0.,0.605872388,0.48957248,0.,         179P    229
0.60383808,0.479345322,0.,0.601803772,0.469118163,0.,                179P    230
0.597813333,0.459484391,0.,0.593822894,0.449850619,0.,               179P    231
0.588029674,0.441180452,0.,0.582236454,0.432510286,0.,               179P    232
0.574863084,0.425136916,0.,0.567489714,0.417763546,0.,               179P    233
0.558819548,0.411970326,0.,0.550149381,0.406177106,0.,               179P    234
0.540515609,0.402186667,0.,0.530881837,0.398196228,0.,               179P    235
0.520654678,0.39616192,0.,0.51042752,0.394127612,0.,0.5,             179P    236
0.394127612,0.,0.48957248,0.394127612,0.,0.479345322,                179P    237
0.39616192,0.,0.469118163,0.398196228,0.,0.459484391,                179P    238
0.402186667,0.,0.449850619,0.406177106,0.,0.441180452,               179P    239
0.411970326,0.,0.432510286,0.417763546,0.,0.425136916,               179P    240
0.425136916,0.,0.417763546,0.432510286,0.,0.411970326,               179P    241
0.441180452,0.,0.406177106,0.449850619,0.,0.402186667,               179P    242
0.459484391,0.,0.398196228,0.469118163,0.,0.39616192,                179P    243
0.479345322,0.,0.394127612,0.48957248,0.,0.394127612,0.5,0.,0.,      179P    244
1.,0.,0.,1.;                                                         179P    245
124,6.12323399573677E-17,-1.,0.,370.,6.12323399573677E-17,           181P    246
3.74939945665464E-33,-1.,370.,1.,6.12323399573677E-17,               181P    247
6.12323399573677E-17,-2.2655965784226E-14;                           181P    248
100,0.,0.,370.,15.,370.,-15.,370.;                                   183P    249
126,32,2,1,0,1,0,0.,0.,0.,0.0625,0.0625,0.125,0.125,0.1875,          185P    250
0.1875,0.25,0.25,0.3125,0.3125,0.375,0.375,0.4375,0.4375,0.5,        185P    251
0.5,0.5625,0.5625,0.625,0.625,0.6875,0.6875,0.75,0.75,0.8125,        185P    252
0.8125,0.875,0.875,0.9375,0.9375,1.,1.,1.,1.,1.,1.,1.,1.,1.,1.,      185P    253
1.,1.,1.,1.,1.,1.,1.,1.,1.,1.,1.,1.,1.,1.,1.,1.,1.,1.,1.,1.,1.,      185P    254
1.,1.,1.,1.,1.,0.394127612,0.5,0.,0.394127612,0.51042752,0.,         185P    255
0.39616192,0.520654678,0.,0.398196228,0.530881837,0.,                185P    256
0.402186667,0.540515609,0.,0.406177106,0.550149381,0.,               185P    257
0.411970326,0.558819548,0.,0.417763546,0.567489714,0.,               185P    258
0.425136916,0.574863084,0.,0.432510286,0.582236454,0.,               185P    259
0.441180452,0.588029674,0.,0.449850619,0.593822894,0.,               185P    260
0.459484391,0.597813333,0.,0.469118163,0.601803772,0.,               185P    261
0.479345322,0.60383808,0.,0.48957248,0.605872388,0.,0.5,             185P    262
0.605872388,0.,0.51042752,0.605872388,0.,0.520654678,                185P    263
0.60383808,0.,0.530881837,0.601803772,0.,0.540515609,                185P    264
0.597813333,0.,0.550149381,0.593822894,0.,0.558819548,               185P    265
0.588029674,0.,0.567489714,0.582236454,0.,0.574863084,               185P    266
0.574863084,0.,0.582236454,0.567489714,0.,0.588029674,               185P    267
0.558819548,0.,0.593822894,0.550149381,0.,0.597813333,               185P    268
0.540515609,0.,0.601803772,0.530881837,0.,0.60383808,                185P    269
0.520654678,0.,0.605872388,0.51042752,0.,0.605872388,0.5,0.,0.,      185P    270
1.,0.,0.,1.;                                                         185P    271
124,1.40271576953299E-14,1.,0.,-370.,-6.12323399573677E-17,          187P    272
8.58915688636046E-31,-1.,370.,-1.,1.40271576953299E-14,              187P    273
6.12323399573677E-17,-5.19004834727206E-12;                          187P    274
100,0.,0.,370.,15.,370.,-15.,370.;                                   189P    275
102,2,179,185;                                                       191P    276
102,2,183,189;                                                       193P    277
142,1,159,191,193,1;                                                 195P    278
144,159,1,1,177,195;                                                 197P    279
128,1,1,1,1,0,0,1,0,0,0.,0.,1.,1.,0.,0.,1.,1.,1.,1.,1.,1.,           199P    280
-70.84,0.,-70.84,-70.84,0.,70.84,70.84,0.,-70.84,70.84,0.,           199P    281
70.84,0.,1.,0.,1.;                                                   199P    282
126,64,2,1,0,1,0,0.,0.,0.,0.03125,0.03125,0.0625,0.0625,             201P    283
0.09375,0.09375,0.125,0.125,0.15625,0.15625,0.1875,0.1875,           201P    284
0.21875,0.21875,0.25,0.25,0.28125,0.28125,0.3125,0.3125,             201P    285
0.34375,0.34375,0.375,0.375,0.40625,0.40625,0.4375,0.4375,           201P    286
0.46875,0.46875,0.5,0.5,0.53125,0.53125,0.5625,0.5625,0.59375,       201P    287
0.59375,0.625,0.625,0.65625,0.65625,0.6875,0.6875,0.71875,           201P    288
0.71875,0.75,0.75,0.78125,0.78125,0.8125,0.8125,0.84375,             201P    289
0.84375,0.875,0.875,0.90625,0.90625,0.9375,0.9375,0.96875,           201P    290
0.96875,1.,1.,1.,1.,1.,1.,1.,1.,1.,1.,1.,1.,1.,1.,1.,1.,1.,1.,       201P    291
1.,1.,1.,1.,1.,1.,1.,1.,1.,1.,1.,1.,1.,1.,1.,1.,1.,1.,1.,1.,1.,      201P    292
1.,1.,1.,1.,1.,1.,1.,1.,1.,1.,1.,1.,1.,1.,1.,1.,1.,1.,1.,1.,1.,      201P    293
1.,1.,1.,1.,1.,1.,1.,1.,0.994071146,0.5,0.,0.994071146,              201P    294
0.524272159,0.,0.991692059,0.548427441,0.,0.989312971,               201P    295
0.572582723,0.,0.984577708,0.596388499,0.,0.979842444,               201P    296
0.620194275,0.,0.972796609,0.643421283,0.,0.965750773,               201P    297
0.666648291,0.,0.95646222,0.689072842,0.,0.947173667,                201P    298
0.711497393,0.,0.93573185,0.732903526,0.,0.924290033,                201P    299
0.754309659,0.,0.910805144,0.774491222,0.,0.897320255,               201P    300
0.794672784,0.,0.881922161,0.813435417,0.,0.866524066,               201P    301
0.83219805,0.,0.849361058,0.849361058,0.,0.83219805,                 201P    302
0.866524066,0.,0.813435417,0.881922161,0.,0.794672784,               201P    303
0.897320255,0.,0.774491222,0.910805144,0.,0.754309659,               201P    304
0.924290033,0.,0.732903526,0.93573185,0.,0.711497393,                201P    305
0.947173667,0.,0.689072842,0.95646222,0.,0.666648291,                201P    306
0.965750773,0.,0.643421283,0.972796609,0.,0.620194275,               201P    307
0.979842444,0.,0.596388499,0.984577708,0.,0.572582723,               201P    308
0.989312971,0.,0.548427441,0.991692059,0.,0.524272159,               201P    309
0.994071146,0.,0.5,0.994071146,0.,0.475727841,0.994071146,0.,        201P    310
0.451572559,0.991692059,0.,0.427417277,0.989312971,0.,               201P    311
0.403611501,0.984577708,0.,0.379805725,0.979842444,0.,               201P    312
0.356578717,0.972796609,0.,0.333351709,0.965750773,0.,               201P    313
0.310927158,0.95646222,0.,0.288502607,0.947173667,0.,                201P    314
0.267096474,0.93573185,0.,0.245690341,0.924290033,0.,                201P    315
0.225508778,0.910805144,0.,0.205327216,0.897320255,0.,               201P    316
0.186564583,0.881922161,0.,0.16780195,0.866524066,0.,                201P    317
0.150638942,0.849361058,0.,0.133475934,0.83219805,0.,                201P    318
0.118077839,0.813435417,0.,0.102679745,0.794672784,0.,               201P    319
0.089194856,0.774491222,0.,0.075709967,0.754309659,0.,               201P    320
0.06426815,0.732903526,0.,0.052826333,0.711497393,0.,                201P    321
0.04353778,0.689072842,0.,0.034249227,0.666648291,0.,                201P    322
0.027203391,0.643421283,0.,0.020157556,0.620194275,0.,               201P    323
0.015422292,0.596388499,0.,0.010687029,0.572582723,0.,               201P    324
0.008307941,0.548427441,0.,0.005928854,0.524272159,0.,               201P    325
0.005928854,0.5,0.,0.,1.,0.,0.,-1.;                                  201P    326
124,1.40271576953299E-14,1.,0.,0.,-6.12323399573677E-17,             203P    327
8.58915688636046E-31,1.,0.,1.,-1.40271576953299E-14,                 203P    328
6.12323399573677E-17,0.;                                             203P    329
100,0.,0.,0.,70.,0.,-70.,0.;                                         205P    330
126,64,2,1,0,1,0,0.,0.,0.,0.03125,0.03125,0.0625,0.0625,             207P    331
0.09375,0.09375,0.125,0.125,0.15625,0.15625,0.1875,0.1875,           207P    332
0.21875,0.21875,0.25,0.25,0.28125,0.28125,0.3125,0.3125,             207P    333
0.34375,0.34375,0.375,0.375,0.40625,0.40625,0.4375,0.4375,           207P    334
0.46875,0.46875,0.5,0.5,0.53125,0.53125,0.5625,0.5625,0.59375,       207P    335
0.59375,0.625,0.625,0.65625,0.65625,0.6875,0.6875,0.71875,           207P    336
0.71875,0.75,0.75,0.78125,0.78125,0.8125,0.8125,0.84375,             207P    337
0.84375,0.875,0.875,0.90625,0.90625,0.9375,0.9375,0.96875,           207P    338
0.96875,1.,1.,1.,1.,1.,1.,1.,1.,1.,1.,1.,1.,1.,1.,1.,1.,1.,1.,       207P    339
1.,1.,1.,1.,1.,1.,1.,1.,1.,1.,1.,1.,1.,1.,1.,1.,1.,1.,1.,1.,1.,      207P    340
1.,1.,1.,1.,1.,1.,1.,1.,1.,1.,1.,1.,1.,1.,1.,1.,1.,1.,1.,1.,1.,      207P    341
1.,1.,1.,1.,1.,1.,1.,1.,0.005928854,0.5,0.,0.005928854,              207P    342
0.475727841,0.,0.008307941,0.451572559,0.,0.010687029,               207P    343
0.427417277,0.,0.015422292,0.403611501,0.,0.020157556,               207P    344
0.379805725,0.,0.027203391,0.356578717,0.,0.034249227,               207P    345
0.333351709,0.,0.04353778,0.310927158,0.,0.052826333,                207P    346
0.288502607,0.,0.06426815,0.267096474,0.,0.075709967,                207P    347
0.245690341,0.,0.089194856,0.225508778,0.,0.102679745,               207P    348
0.205327216,0.,0.118077839,0.186564583,0.,0.133475934,               207P    349
0.16780195,0.,0.150638942,0.150638942,0.,0.16780195,                 207P    350
0.133475934,0.,0.186564583,0.118077839,0.,0.205327216,               207P    351
0.102679745,0.,0.225508778,0.089194856,0.,0.245690341,               207P    352
0.075709967,0.,0.267096474,0.06426815,0.,0.288502607,                207P    353
0.052826333,0.,0.310927158,0.04353778,0.,0.333351709,                207P    354
0.034249227,0.,0.356578717,0.027203391,0.,0.379805725,               207P    355
0.020157556,0.,0.403611501,0.015422292,0.,0.427417277,               207P    356
0.010687029,0.,0.451572559,0.008307941,0.,0.475727841,               207P    357
0.005928854,0.,0.5,0.005928854,0.,0.524272159,0.005928854,0.,        207P    358
0.548427441,0.008307941,0.,0.572582723,0.010687029,0.,               207P    359
0.596388499,0.015422292,0.,0.620194275,0.020157556,0.,               207P    360
0.643421283,0.027203391,0.,0.666648291,0.034249227,0.,               207P    361
0.689072842,0.04353778,0.,0.711497393,0.052826333,0.,                207P    362
0.732903526,0.06426815,0.,0.754309659,0.075709967,0.,                207P    363
0.774491222,0.089194856,0.,0.794672784,0.102679745,0.,               207P    364
0.813435417,0.118077839,0.,0.83219805,0.133475934,0.,                207P    365
0.849361058,0.150638942,0.,0.866524066,0.16780195,0.,                207P    366
0.881922161,0.186564583,0.,0.897320255,0.205327216,0.,               207P    367
0.910805144,0.225508778,0.,0.924290033,0.245690341,0.,               207P    368
0.93573185,0.267096474,0.,0.947173667,0.288502607,0.,                207P    369
0.95646222,0.310927158,0.,0.965750773,0.333351709,0.,                207P    370
0.972796609,0.356578717,0.,0.979842444,0.379805725,0.,               207P    371
0.984577708,0.403611501,0.,0.989312971,0.427417277,0.,               207P    372
0.991692059,0.451572559,0.,0.994071146,0.475727841,0.,               207P    373
0.994071146,0.5,0.,0.,1.,0.,0.,-1.;                                  207P    374
124,6.12323399573677E-17,-1.,0.,0.,6.12323399573677E-17,             209P    375
3.74939945665464E-33,1.,0.,-1.,-6.12323399573677E-17,                209P    376
6.12323399573677E-17,0.;                                             209P    377
100,0.,0.,0.,70.,0.,-70.,0.;                                         211P    378
102,2,201,207;                                                       213P    379
102,2,205,211;                                                       215P    380
142,1,199,213,215,1;                                                 217P    381
126,32,2,1,0,1,0,0.,0.,0.,0.0625,0.0625,0.125,0.125,0.1875,          219P    382
0.1875,0.25,0.25,0.3125,0.3125,0.375,0.375,0.4375,0.4375,0.5,        219P    383
0.5,0.5625,0.5625,0.625,0.625,0.6875,0.6875,0.75,0.75,0.8125,        219P    384
0.8125,0.875,0.875,0.9375,0.9375,1.,1.,1.,1.,1.,1.,1.,1.,1.,1.,      219P    385
1.,1.,1.,1.,1.,1.,1.,1.,1.,1.,1.,1.,1.,1.,1.,1.,1.,1.,1.,1.,1.,      219P    386
1.,1.,1.,1.,1.,0.394127612,0.5,0.,0.394127612,0.51042752,0.,         219P    387
0.39616192,0.520654678,0.,0.398196228,0.530881837,0.,                219P    388
0.402186667,0.540515609,0.,0.406177106,0.550149381,0.,               219P    389
0.411970326,0.558819548,0.,0.417763546,0.567489714,0.,               219P    390
0.425136916,0.574863084,0.,0.432510286,0.582236454,0.,               219P    391
0.441180452,0.588029674,0.,0.449850619,0.593822894,0.,               219P    392
0.459484391,0.597813333,0.,0.469118163,0.601803772,0.,               219P    393
0.479345322,0.60383808,0.,0.48957248,0.605872388,0.,0.5,             219P    394
0.605872388,0.,0.51042752,0.605872388,0.,0.520654678,                219P    395
0.60383808,0.,0.530881837,0.601803772,0.,0.540515609,                219P    396
0.597813333,0.,0.550149381,0.593822894,0.,0.558819548,               219P    397
0.588029674,0.,0.567489714,0.582236454,0.,0.574863084,               219P    398
0.574863084,0.,0.582236454,0.567489714,0.,0.588029674,               219P    399
0.558819548,0.,0.593822894,0.550149381,0.,0.597813333,               219P    400
0.540515609,0.,0.601803772,0.530881837,0.,0.60383808,                219P    401
0.520654678,0.,0.605872388,0.51042752,0.,0.605872388,0.5,0.,0.,      219P    402
1.,0.,0.,1.;                                                         219P    403
124,1.40271576953299E-14,1.,0.,0.,-6.12323399573677E-17,             221P    404
8.58915688636046E-31,-1.,0.,-1.,1.40271576953299E-14,                221P    405
6.12323399573677E-17,0.;                                             221P    406
100,0.,0.,0.,15.,0.,-15.,0.;                                         223P    407
126,32,2,1,0,1,0,0.,0.,0.,0.0625,0.0625,0.125,0.125,0.1875,          225P    408
0.1875,0.25,0.25,0.3125,0.3125,0.375,0.375,0.4375,0.4375,0.5,        225P    409
0.5,0.5625,0.5625,0.625,0.625,0.6875,0.6875,0.75,0.75,0.8125,        225P    410
0.8125,0.875,0.875,0.9375,0.9375,1.,1.,1.,1.,1.,1.,1.,1.,1.,1.,      225P    411
1.,1.,1.,1.,1.,1.,1.,1.,1.,1.,1.,1.,1.,1.,1.,1.,1.,1.,1.,1.,1.,      225P    412
1.,1.,1.,1.,1.,0.605872388,0.5,0.,0.605872388,0.48957248,0.,         225P    413
0.60383808,0.479345322,0.,0.601803772,0.469118163,0.,                225P    414
0.597813333,0.459484391,0.,0.593822894,0.449850619,0.,               225P    415
0.588029674,0.441180452,0.,0.582236454,0.432510286,0.,               225P    416
0.574863084,0.425136916,0.,0.567489714,0.417763546,0.,               225P    417
0.558819548,0.411970326,0.,0.550149381,0.406177106,0.,               225P    418
0.540515609,0.402186667,0.,0.530881837,0.398196228,0.,               225P    419
0.520654678,0.39616192,0.,0.51042752,0.394127612,0.,0.5,             225P    420
0.394127612,0.,0.48957248,0.394127612,0.,0.479345322,                225P    421
0.39616192,0.,0.469118163,0.398196228,0.,0.459484391,                225P    422
0.402186667,0.,0.449850619,0.406177106,0.,0.441180452,               225P    423
0.411970326,0.,0.432510286,0.417763546,0.,0.425136916,               225P    424
0.425136916,0.,0.417763546,0.432510286,0.,0.411970326,               225P    425
0.441180452,0.,0.406177106,0.449850619,0.,0.402186667,               225P    426
0.459484391,0.,0.398196228,0.469118163,0.,0.39616192,                225P    427
0.479345322,0.,0.394127612,0.48957248,0.,0.394127612,0.5,0.,0.,      225P    428
1.,0.,0.,1.;                                                         225P    429
124,6.12323399573677E-17,-1.,0.,0.,6.12323399573677E-17,             227P    430
3.74939945665464E-33,-1.,0.,1.,6.12323399573677E-17,                 227P    431
6.12323399573677E-17,0.;                                             227P    432
100,0.,0.,0.,15.,0.,-15.,0.;                                         229P    433
102,2,219,225;                                                       231P    434
102,2,223,229;                                                       233P    435
142,1,199,231,233,1;                                                 235P    436
144,199,1,1,217,235;                                                 237P    437
110,0.,470.,0.,0.,-530.,0.;                                          239P    438
110,0.,0.,-15.,0.,-155.,-15.;                                        241P    439
120,239,241,0.,6.28318530717959;                                     243P    440
126,1,1,1,0,1,0,0.,0.,1.,1.,1.,1.,0.64516129,3.141592654,0.,0.,      245P    441
3.141592654,0.,0.,1.,0.,0.,1.;                                       245P    442
110,0.,-100.,15.,0.,0.,15.;                                          247P    443
126,1,1,1,0,1,0,0.,0.,1.,1.,1.,1.,0.,3.141592654,0.,0.,              249P    444
6.283185307,0.,0.,1.,0.,0.,1.;                                       249P    445
124,6.12323399573677E-17,-1.,0.,0.,6.12323399573677E-17,             251P    446
3.74939945665464E-33,-1.,0.,1.,6.12323399573677E-17,                 251P    447
6.12323399573677E-17,0.;                                             251P    448
100,0.,0.,0.,15.,0.,-15.,0.;                                         253P    449
126,1,1,1,0,1,0,0.,0.,1.,1.,1.,1.,0.,6.283185307,0.,1.,              255P    450
6.283185307,0.,0.,1.,0.,0.,1.;                                       255P    451
110,0.,0.,-15.,0.,-155.,-15.;                                        257P    452
126,1,1,1,0,1,0,0.,0.,1.,1.,1.,1.,1.,6.283185307,0.,1.,              259P    453
3.481429563,0.,0.,1.,0.,0.,1.;                                       259P    454
124,6.12323399573677E-17,-1.,0.,-155.,6.12323399573677E-17,          261P    455
3.74939945665464E-33,1.,-155.,-1.,-6.12323399573677E-17,             261P    456
6.12323399573677E-17,-9.49101269339199E-15;                          261P    457
100,0.,0.,-155.,15.,-155.,-14.142135624,-150.;                       263P    458
126,1,1,1,0,1,0,0.,0.,1.,1.,1.,1.,1.,3.481429563,0.,0.64516129,      265P    459
3.481429563,0.,0.,1.,0.,0.,1.;                                       265P    460
110,-5.,-155.,14.142135624,-5.,-100.,14.142135624;                   267P    461
126,1,1,1,0,1,0,0.,0.,1.,1.,1.,1.,0.64516129,3.481429563,0.,         269P    462
0.64516129,3.141592654,0.,0.,1.,0.,0.,1.;                            269P    463
124,-0.33333333333332,0.942809041582068,0.,94.2809041582068,         271P    464
-5.77304037490332E-17,-2.04107799857884E-17,1.,-100.,                271P    465
0.942809041582068,0.33333333333332,6.12323399573677E-17,             271P    466
33.333333333332;                                                     271P    467
100,0.,0.,-100.,15.,-100.,14.142135624,-95.;                         273P    468
102,6,245,249,255,259,265,269;                                       275P    469
102,6,247,253,257,263,267,273;                                       277P    470
142,1,243,275,277,1;                                                 279P    471
144,243,1,0,279;                                                     281P    472
110,0.,470.,0.,0.,-530.,0.;                                          283P    473
110,0.,525.,-15.,0.,370.,-15.;                                       285P    474
120,283,285,0.,6.28318530717959;                                     287P    475
126,1,1,1,0,1,0,0.,0.,1.,1.,1.,1.,1.,3.141592654,0.,0.35483871,      289P    476
3.141592654,0.,0.,1.,0.,0.,1.;                                       289P    477
110,0.,370.,15.,0.,470.,15.;                                         291P    478
126,1,1,1,0,1,0,0.,0.,1.,1.,1.,1.,0.35483871,3.141592654,0.,         293P    479
0.35483871,3.481429563,0.,0.,1.,0.,0.,1.;                            293P    480
124,6.12323399573677E-17,-1.,0.,470.,6.12323399573677E-17,           295P    481
3.74939945665464E-33,-1.,470.,1.,6.12323399573677E-17,               295P    482
6.12323399573677E-17,-2.87791997799628E-14;                          295P    483
100,0.,0.,470.,15.,470.,14.142135624,475.;                           297P    484
126,1,1,1,0,1,0,0.,0.,1.,1.,1.,1.,0.35483871,3.481429563,0.,0.,      299P    485
3.481429563,0.,0.,1.,0.,0.,1.;                                       299P    486
110,-5.,470.,14.142135624,-5.,525.,14.142135624;                     301P    487
126,1,1,1,0,1,0,0.,0.,1.,1.,1.,1.,0.,3.481429563,0.,0.,              303P    488
6.283185307,0.,0.,1.,0.,0.,1.;                                       303P    489
124,-0.333333333333332,-0.942809041582064,0.,494.974746830584,       305P    490
5.77304037490329E-17,-2.04107799857891E-17,-1.,525.,                 305P    491
0.942809041582064,-0.333333333333332,6.12323399573677E-17,           305P    492
174.999999999999;                                                    305P    493
100,0.,0.,525.,15.,525.,-14.142135624,530.;                          307P    494
126,1,1,1,0,1,0,0.,0.,1.,1.,1.,1.,0.,6.283185307,0.,1.,              309P    495
6.283185307,0.,0.,1.,0.,0.,1.;                                       309P    496
110,0.,525.,-15.,0.,370.,-15.;                                       311P    497
126,1,1,1,0,1,0,0.,0.,1.,1.,1.,1.,1.,6.283185307,0.,1.,              313P    498
3.141592654,0.,0.,1.,0.,0.,1.;                                       313P    499
124,6.12323399573677E-17,-1.,0.,370.,6.12323399573677E-17,           315P    500
3.74939945665464E-33,1.,370.,-1.,-6.12323399573677E-17,              315P    501
6.12323399573677E-17,2.2655965784226E-14;                            315P    502
100,0.,0.,370.,15.,370.,-15.,370.;                                   317P    503
102,6,289,293,299,303,309,313;                                       319P    504
102,6,291,297,301,307,311,317;                                       321P    505
142,1,287,319,321,1;                                                 323P    506
144,287,1,0,323;                                                     325P    507
128,1,1,1,1,0,0,1,0,0,0.,0.,1.,1.,0.,0.,1.,1.,1.,1.,1.,1.,           327P    508
-15.18,-155.,18.302135624,-15.18,-155.,-15.199812814,15.18,          327P    509
-155.,18.302135624,15.18,-155.,-15.199812814,0.,1.,0.,1.;            327P    510
126,32,2,1,0,1,0,0.,0.,0.,0.0625,0.0625,0.125,0.125,0.1875,          329P    511
0.1875,0.25,0.25,0.3125,0.3125,0.375,0.375,0.4375,0.4375,0.5,        329P    512
0.5,0.5625,0.5625,0.625,0.625,0.6875,0.6875,0.75,0.75,0.8125,        329P    513
0.8125,0.875,0.875,0.9375,0.9375,1.,1.,1.,1.,1.,1.,1.,1.,1.,1.,      329P    514
1.,1.,1.,1.,1.,1.,1.,1.,1.,1.,1.,1.,1.,1.,1.,1.,1.,1.,1.,1.,1.,      329P    515
1.,1.,1.,1.,1.,0.124171882,0.335309618,0.,0.137272506,               329P    516
0.294420734,0.,0.156628222,0.256675686,0.,0.175983938,               329P    517
0.218930637,0.,0.201002748,0.185483863,0.,0.226021559,               329P    518
0.152037088,0.,0.255938261,0.123911561,0.,0.285854963,               329P    519
0.095786035,0.,0.319754549,0.07384198,0.,0.353654135,                329P    520
0.051897925,0.,0.390499782,0.036806503,0.,0.427345428,               329P    521
0.021715081,0.,0.466010206,0.013937867,0.,0.504674984,               329P    522
0.006160652,0.,0.543976325,0.005935511,0.,0.583277666,               329P    523
0.005710371,0.,0.622013533,0.01304419,0.,0.6607494,0.020378009,      329P    524
0.,0.697735051,0.035046483,0.,0.734720702,0.049714956,0.,            329P    525
0.768824925,0.071269446,0.,0.802929149,0.092823937,0.,               329P    526
0.833108862,0.120605196,0.,0.863288575,0.148386456,0.,               329P    527
0.888620727,0.181544792,0.,0.913952879,0.214703127,0.,               329P    528
0.933662682,0.252224385,0.,0.953372486,0.289745644,0.,               329P    529
0.966857113,0.330482232,0.,0.980341741,0.371218821,0.,               329P    530
0.987188763,0.413924805,0.,0.994035785,0.456630789,0.,               329P    531
0.994035785,0.5,0.,0.,1.,0.,0.,-1.;                                  329P    532
124,-0.333333333333334,-0.942809041582063,0.,-146.13540144522,       331P    533
5.77304037490329E-17,-2.04107799857892E-17,-1.,-155.,                331P    534
0.942809041582063,-0.333333333333334,6.12323399573677E-17,           331P    535
-51.6666666666667;                                                   331P    536
100,0.,0.,-155.,15.,-155.,-14.142135624,-150.;                       333P    537
126,32,2,1,0,1,0,0.,0.,0.,0.0625,0.0625,0.125,0.125,0.1875,          335P    538
0.1875,0.25,0.25,0.3125,0.3125,0.375,0.375,0.4375,0.4375,0.5,        335P    539
0.5,0.5625,0.5625,0.625,0.625,0.6875,0.6875,0.75,0.75,0.8125,        335P    540
0.8125,0.875,0.875,0.9375,0.9375,1.,1.,1.,1.,1.,1.,1.,1.,1.,1.,      335P    541
1.,1.,1.,1.,1.,1.,1.,1.,1.,1.,1.,1.,1.,1.,1.,1.,1.,1.,1.,1.,1.,      335P    542
1.,1.,1.,1.,1.,0.994035785,0.5,0.,0.994035785,0.543369211,0.,        335P    543
0.987188763,0.586075195,0.,0.980341741,0.628781179,0.,               335P    544
0.966857113,0.669517768,0.,0.953372486,0.710254356,0.,               335P    545
0.933662682,0.747775615,0.,0.913952879,0.785296873,0.,               335P    546
0.888620727,0.818455208,0.,0.863288575,0.851613544,0.,               335P    547
0.833108862,0.879394804,0.,0.802929149,0.907176063,0.,               335P    548
0.768824925,0.928730554,0.,0.734720702,0.950285044,0.,               335P    549
0.697735051,0.964953517,0.,0.6607494,0.979621991,0.,                 335P    550
0.622013533,0.98695581,0.,0.583277666,0.994289629,0.,                335P    551
0.543976325,0.994064489,0.,0.504674984,0.993839348,0.,               335P    552
0.466010206,0.986062133,0.,0.427345428,0.978284919,0.,               335P    553
0.390499782,0.963193497,0.,0.353654135,0.948102075,0.,               335P    554
0.319754549,0.92615802,0.,0.285854963,0.904213965,0.,                335P    555
0.255938261,0.876088439,0.,0.226021559,0.847962912,0.,               335P    556
0.201002748,0.814516137,0.,0.175983938,0.781069363,0.,               335P    557
0.156628222,0.743324314,0.,0.137272506,0.705579266,0.,               335P    558
0.124171882,0.664690382,0.,0.,1.,0.,0.,-1.;                          335P    559
124,1.40271576953299E-14,1.,0.,155.,-6.12323399573677E-17,           337P    560
8.58915688636046E-31,-1.,-155.,-1.,1.40271576953299E-14,             337P    561
6.12323399573677E-17,2.17420944277613E-12;                           337P    562
100,0.,0.,-155.,15.,-155.,-14.142135624,-150.;                       339P    563
126,1,1,1,0,1,0,0.,0.,1.,1.,1.,1.,0.124171882,0.664690382,0.,        341P    564
0.,0.664690382,0.,0.,1.,0.,0.,1.;                                    341P    565
110,5.,-155.,14.142135624,5.,-155.,18.302135624;                     343P    566
126,1,1,1,0,1,0,0.,0.,1.,1.,1.,1.,0.,0.664690382,0.,0.,              345P    567
0.335309618,0.,0.,1.,0.,0.,1.;                                       345P    568
110,5.,-155.,18.302135624,-5.,-155.,18.302135624;                    347P    569
126,1,1,1,0,1,0,0.,0.,1.,1.,1.,1.,0.,0.335309618,0.,                 349P    570
0.124171882,0.335309618,0.,0.,1.,0.,0.,1.;                           349P    571
110,-5.,-155.,18.302135624,-5.,-155.,14.142135624;                   351P    572
102,5,329,335,341,345,349;                                           353P    573
102,5,333,339,343,347,351;                                           355P    574
142,1,327,353,355,1;                                                 357P    575
144,327,1,0,357;                                                     359P    576
128,1,1,1,1,0,0,1,0,0,0.,0.,1.,1.,0.,0.,1.,1.,1.,1.,1.,1.,           361P    577
-15.18,525.,-15.199812814,-15.18,525.,18.302135624,15.18,525.,       361P    578
-15.199812814,15.18,525.,18.302135624,0.,1.,0.,1.;                   361P    579
126,32,2,1,0,1,0,0.,0.,0.,0.0625,0.0625,0.125,0.125,0.1875,          363P    580
0.1875,0.25,0.25,0.3125,0.3125,0.375,0.375,0.4375,0.4375,0.5,        363P    581
0.5,0.5625,0.5625,0.625,0.625,0.6875,0.6875,0.75,0.75,0.8125,        363P    582
0.8125,0.875,0.875,0.9375,0.9375,1.,1.,1.,1.,1.,1.,1.,1.,1.,1.,      363P    583
1.,1.,1.,1.,1.,1.,1.,1.,1.,1.,1.,1.,1.,1.,1.,1.,1.,1.,1.,1.,1.,      363P    584
1.,1.,1.,1.,1.,0.875828118,0.664690382,0.,0.862727494,               363P    585
0.705579266,0.,0.843371778,0.743324314,0.,0.824016062,               363P    586
0.781069363,0.,0.798997252,0.814516137,0.,0.773978441,               363P    587
0.847962912,0.,0.744061739,0.876088439,0.,0.714145037,               363P    588
0.904213965,0.,0.680245451,0.92615802,0.,0.646345865,                363P    589
0.948102075,0.,0.609500218,0.963193497,0.,0.572654572,               363P    590
0.978284919,0.,0.533989794,0.986062133,0.,0.495325016,               363P    591
0.993839348,0.,0.456023675,0.994064489,0.,0.416722334,               363P    592
0.994289629,0.,0.377986467,0.98695581,0.,0.3392506,0.979621991,      363P    593
0.,0.302264949,0.964953517,0.,0.265279298,0.950285044,0.,            363P    594
0.231175075,0.928730554,0.,0.197070851,0.907176063,0.,               363P    595
0.166891138,0.879394804,0.,0.136711425,0.851613544,0.,               363P    596
0.111379273,0.818455208,0.,0.086047121,0.785296873,0.,               363P    597
0.066337318,0.747775615,0.,0.046627514,0.710254356,0.,               363P    598
0.033142887,0.669517768,0.,0.019658259,0.628781179,0.,               363P    599
0.012811237,0.586075195,0.,0.005964215,0.543369211,0.,               363P    600
0.005964215,0.5,0.,0.,1.,0.,0.,-1.;                                  363P    601
124,0.333333333333347,0.942809041582058,0.,-494.974746830581,        365P    602
-5.77304037490326E-17,2.04107799857901E-17,1.,525.,                  365P    603
0.942809041582058,-0.333333333333347,6.12323399573677E-17,           365P    604
175.000000000007;                                                    365P    605
100,0.,0.,525.,15.,525.,-14.142135624,530.;                          367P    606
126,32,2,1,0,1,0,0.,0.,0.,0.0625,0.0625,0.125,0.125,0.1875,          369P    607
0.1875,0.25,0.25,0.3125,0.3125,0.375,0.375,0.4375,0.4375,0.5,        369P    608
0.5,0.5625,0.5625,0.625,0.625,0.6875,0.6875,0.75,0.75,0.8125,        369P    609
0.8125,0.875,0.875,0.9375,0.9375,1.,1.,1.,1.,1.,1.,1.,1.,1.,1.,      369P    610
1.,1.,1.,1.,1.,1.,1.,1.,1.,1.,1.,1.,1.,1.,1.,1.,1.,1.,1.,1.,1.,      369P    611
1.,1.,1.,1.,1.,0.005964215,0.5,0.,0.005964215,0.456630789,0.,        369P    612
0.012811237,0.413924805,0.,0.019658259,0.371218821,0.,               369P    613
0.033142887,0.330482232,0.,0.046627514,0.289745644,0.,               369P    614
0.066337318,0.252224385,0.,0.086047121,0.214703127,0.,               369P    615
0.111379273,0.181544792,0.,0.136711425,0.148386456,0.,               369P    616
0.166891138,0.120605196,0.,0.197070851,0.092823937,0.,               369P    617
0.231175075,0.071269446,0.,0.265279298,0.049714956,0.,               369P    618
0.302264949,0.035046483,0.,0.3392506,0.020378009,0.,                 369P    619
0.377986467,0.01304419,0.,0.416722334,0.005710371,0.,                369P    620
0.456023675,0.005935511,0.,0.495325016,0.006160652,0.,               369P    621
0.533989794,0.013937867,0.,0.572654572,0.021715081,0.,               369P    622
0.609500218,0.036806503,0.,0.646345865,0.051897925,0.,               369P    623
0.680245451,0.07384198,0.,0.714145037,0.095786035,0.,                369P    624
0.744061739,0.123911561,0.,0.773978441,0.152037088,0.,               369P    625
0.798997252,0.185483863,0.,0.824016062,0.218930637,0.,               369P    626
0.843371778,0.256675686,0.,0.862727494,0.294420734,0.,               369P    627
0.875828118,0.335309618,0.,0.,1.,0.,0.,-1.;                          369P    628
124,6.12323399573677E-17,-1.,0.,525.,6.12323399573677E-17,           371P    629
3.74939945665464E-33,1.,525.,-1.,-6.12323399573677E-17,              371P    630
6.12323399573677E-17,3.2146978477618E-14;                            371P    631
100,0.,0.,525.,15.,525.,-14.142135624,530.;                          373P    632
126,1,1,1,0,1,0,0.,0.,1.,1.,1.,1.,0.875828118,0.335309618,0.,        375P    633
1.,0.335309618,0.,0.,1.,0.,0.,1.;                                    375P    634
110,-5.,525.,14.142135624,-5.,525.,18.302135624;                     377P    635
126,1,1,1,0,1,0,0.,0.,1.,1.,1.,1.,1.,0.335309618,0.,1.,              379P    636
0.664690382,0.,0.,1.,0.,0.,1.;                                       379P    637
110,-5.,525.,18.302135624,5.,525.,18.302135624;                      381P    638
126,1,1,1,0,1,0,0.,0.,1.,1.,1.,1.,1.,0.664690382,0.,                 383P    639
0.875828118,0.664690382,0.,0.,1.,0.,0.,1.;                           383P    640
110,5.,525.,18.302135624,5.,525.,14.142135624;                       385P    641
102,5,363,369,375,379,383;                                           387P    642
102,5,367,373,377,381,385;                                           389P    643
142,1,361,387,389,1;                                                 391P    644
144,361,1,0,391;                                                     393P    645
128,1,1,1,1,0,0,1,0,0,0.,0.,1.,1.,0.,0.,1.,1.,1.,1.,1.,1.,-5.,       395P    646
-155.,14.142135624,-5.,-155.,18.302135624,-5.,-100.,                 395P    647
14.142135624,-5.,-100.,18.302135624,0.,1.,0.,1.;                     395P    648
126,1,1,1,0,1,0,0.,0.,1.,1.,1.,1.,0.,0.,0.,1.,0.,0.,0.,1.,0.,        397P    649
0.,1.;                                                               397P    650
110,-5.,-155.,14.142135624,-5.,-155.,18.302135624;                   399P    651
126,1,1,1,0,1,0,0.,0.,1.,1.,1.,1.,1.,0.,0.,1.,1.,0.,0.,1.,0.,        401P    652
0.,1.;                                                               401P    653
110,-5.,-155.,18.302135624,-5.,-100.,18.302135624;                   403P    654
126,1,1,1,0,1,0,0.,0.,1.,1.,1.,1.,1.,1.,0.,0.,1.,0.,0.,1.,0.,        405P    655
0.,1.;                                                               405P    656
110,-5.,-100.,18.302135624,-5.,-100.,14.142135624;                   407P    657
126,1,1,1,0,1,0,0.,0.,1.,1.,1.,1.,0.,1.,0.,0.,0.,0.,0.,1.,0.,        409P    658
0.,1.;                                                               409P    659
110,-5.,-100.,14.142135624,-5.,-155.,14.142135624;                   411P    660
102,4,397,401,405,409;                                               413P    661
102,4,399,403,407,411;                                               415P    662
142,1,395,413,415,1;                                                 417P    663
144,395,1,0,417;                                                     419P    664
128,1,1,1,1,0,0,1,0,0,0.,0.,1.,1.,0.,0.,1.,1.,1.,1.,1.,1.,-5.,       421P    665
-155.,18.302135624,5.,-155.,18.302135624,-5.,-100.,                  421P    666
18.302135624,5.,-100.,18.302135624,0.,1.,0.,1.;                      421P    667
126,1,1,1,0,1,0,0.,0.,1.,1.,1.,1.,0.,0.,0.,1.,0.,0.,0.,1.,0.,        423P    668
0.,1.;                                                               423P    669
110,-5.,-155.,18.302135624,5.,-155.,18.302135624;                    425P    670
126,1,1,1,0,1,0,0.,0.,1.,1.,1.,1.,1.,0.,0.,1.,1.,0.,0.,1.,0.,        427P    671
0.,1.;                                                               427P    672
110,5.,-155.,18.302135624,5.,-100.,18.302135624;                     429P    673
126,1,1,1,0,1,0,0.,0.,1.,1.,1.,1.,1.,1.,0.,0.,1.,0.,0.,1.,0.,        431P    674
0.,1.;                                                               431P    675
110,5.,-100.,18.302135624,-5.,-100.,18.302135624;                    433P    676
126,1,1,1,0,1,0,0.,0.,1.,1.,1.,1.,0.,1.,0.,0.,0.,0.,0.,1.,0.,        435P    677
0.,1.;                                                               435P    678
110,-5.,-100.,18.302135624,-5.,-155.,18.302135624;                   437P    679
102,4,423,427,431,435;                                               439P    680
102,4,425,429,433,437;                                               441P    681
142,1,421,439,441,1;                                                 443P    682
144,421,1,0,443;                                                     445P    683
128,1,1,1,1,0,0,1,0,0,0.,0.,1.,1.,0.,0.,1.,1.,1.,1.,1.,1.,5.,        447P    684
-155.,18.302135624,5.,-155.,14.142135624,5.,-100.,18.302135624,      447P    685
5.,-100.,14.142135624,0.,1.,0.,1.;                                   447P    686
126,1,1,1,0,1,0,0.,0.,1.,1.,1.,1.,0.,0.,0.,1.,0.,0.,0.,1.,0.,        449P    687
0.,1.;                                                               449P    688
110,5.,-155.,18.302135624,5.,-155.,14.142135624;                     451P    689
126,1,1,1,0,1,0,0.,0.,1.,1.,1.,1.,1.,0.,0.,1.,1.,0.,0.,1.,0.,        453P    690
0.,1.;                                                               453P    691
110,5.,-155.,14.142135624,5.,-100.,14.142135624;                     455P    692
126,1,1,1,0,1,0,0.,0.,1.,1.,1.,1.,1.,1.,0.,0.,1.,0.,0.,1.,0.,        457P    693
0.,1.;                                                               457P    694
110,5.,-100.,14.142135624,5.,-100.,18.302135624;                     459P    695
126,1,1,1,0,1,0,0.,0.,1.,1.,1.,1.,0.,1.,0.,0.,0.,0.,0.,1.,0.,        461P    696
0.,1.;                                                               461P    697
110,5.,-100.,18.302135624,5.,-155.,18.302135624;                     463P    698
102,4,449,453,457,461;                                               465P    699
102,4,451,455,459,463;                                               467P    700
142,1,447,465,467,1;                                                 469P    701
144,447,1,0,469;                                                     471P    702
128,1,1,1,1,0,0,1,0,0,0.,0.,1.,1.,0.,0.,1.,1.,1.,1.,1.,1.,-5.,       473P    703
-100.,18.302135624,-5.,-100.,14.117175624,5.,-100.,                  473P    704
18.302135624,5.,-100.,14.117175624,0.,1.,0.,1.;                      473P    705
126,4,2,1,0,1,0,0.,0.,0.,0.5,0.5,1.,1.,1.,1.,1.,1.,1.,1.,            475P    706
0.789048312,0.5,0.,0.789048312,0.62774635,0.,0.840666871,            475P    707
0.753652968,0.,0.89228543,0.879559586,0.,0.994035785,1.,0.,0.,       475P    708
1.,0.,0.,1.;                                                         475P    709
124,1.40271576953299E-14,1.,0.,100.,-6.12323399573677E-17,           477P    710
8.58915688636046E-31,1.,-100.,1.,-1.40271576953299E-14,              477P    711
6.12323399573677E-17,-1.40271576953299E-12;                          477P    712
100,0.,0.,-100.,15.,-100.,14.142135624,-95.;                         479P    713
126,1,1,1,0,1,0,0.,0.,1.,1.,1.,1.,0.994035785,1.,0.,0.,1.,0.,        481P    714
0.,1.,0.,0.,1.;                                                      481P    715
110,5.,-100.,14.142135624,5.,-100.,18.302135624;                     483P    716
126,1,1,1,0,1,0,0.,0.,1.,1.,1.,1.,0.,1.,0.,0.,0.,0.,0.,1.,0.,        485P    717
0.,1.;                                                               485P    718
110,5.,-100.,18.302135624,-5.,-100.,18.302135624;                    487P    719
126,1,1,1,0,1,0,0.,0.,1.,1.,1.,1.,0.,0.,0.,0.994035785,0.,0.,        489P    720
0.,1.,0.,0.,1.;                                                      489P    721
110,-5.,-100.,18.302135624,-5.,-100.,14.142135624;                   491P    722
126,4,2,1,0,1,0,0.,0.,0.,0.5,0.5,1.,1.,1.,1.,1.,1.,1.,1.,            493P    723
0.994035785,0.,0.,0.89228543,0.120440414,0.,0.840666871,             493P    724
0.246347032,0.,0.789048312,0.37225365,0.,0.789048312,0.5,0.,0.,      493P    725
1.,0.,0.,1.;                                                         493P    726
124,-0.33333333333332,0.942809041582068,0.,94.2809041582068,         495P    727
-5.77304037490332E-17,-2.04107799857884E-17,1.,-100.,                495P    728
0.942809041582068,0.33333333333332,6.12323399573677E-17,             495P    729
33.333333333332;                                                     495P    730
100,0.,0.,-100.,15.,-100.,14.142135624,-95.;                         497P    731
102,5,475,481,485,489,493;                                           499P    732
102,5,479,483,487,491,497;                                           501P    733
142,1,473,499,501,1;                                                 503P    734
144,473,1,0,503;                                                     505P    735
128,1,1,1,1,0,0,1,0,0,0.,0.,1.,1.,0.,0.,1.,1.,1.,1.,1.,1.,5.,        507P    736
470.,18.302135624,5.,470.,14.142135624,5.,525.,18.302135624,5.,      507P    737
525.,14.142135624,0.,1.,0.,1.;                                       507P    738
126,1,1,1,0,1,0,0.,0.,1.,1.,1.,1.,1.,1.,0.,0.,1.,0.,0.,1.,0.,        509P    739
0.,1.;                                                               509P    740
110,5.,525.,14.142135624,5.,525.,18.302135624;                       511P    741
126,1,1,1,0,1,0,0.,0.,1.,1.,1.,1.,0.,1.,0.,0.,0.,0.,0.,1.,0.,        513P    742
0.,1.;                                                               513P    743
110,5.,525.,18.302135624,5.,470.,18.302135624;                       515P    744
126,1,1,1,0,1,0,0.,0.,1.,1.,1.,1.,0.,0.,0.,1.,0.,0.,0.,1.,0.,        517P    745
0.,1.;                                                               517P    746
110,5.,470.,18.302135624,5.,470.,14.142135624;                       519P    747
126,1,1,1,0,1,0,0.,0.,1.,1.,1.,1.,1.,0.,0.,1.,1.,0.,0.,1.,0.,        521P    748
0.,1.;                                                               521P    749
110,5.,470.,14.142135624,5.,525.,14.142135624;                       523P    750
102,4,509,513,517,521;                                               525P    751
102,4,511,515,519,523;                                               527P    752
142,1,507,525,527,1;                                                 529P    753
144,507,1,0,529;                                                     531P    754
128,1,1,1,1,0,0,1,0,0,0.,0.,1.,1.,0.,0.,1.,1.,1.,1.,1.,1.,-5.,       533P    755
470.,18.302135624,5.,470.,18.302135624,-5.,525.,18.302135624,        533P    756
5.,525.,18.302135624,0.,1.,0.,1.;                                    533P    757
126,1,1,1,0,1,0,0.,0.,1.,1.,1.,1.,1.,1.,0.,0.,1.,0.,0.,1.,0.,        535P    758
0.,1.;                                                               535P    759
110,5.,525.,18.302135624,-5.,525.,18.302135624;                      537P    760
126,1,1,1,0,1,0,0.,0.,1.,1.,1.,1.,0.,1.,0.,0.,0.,0.,0.,1.,0.,        539P    761
0.,1.;                                                               539P    762
110,-5.,525.,18.302135624,-5.,470.,18.302135624;                     541P    763
126,1,1,1,0,1,0,0.,0.,1.,1.,1.,1.,0.,0.,0.,1.,0.,0.,0.,1.,0.,        543P    764
0.,1.;                                                               543P    765
110,-5.,470.,18.302135624,5.,470.,18.302135624;                      545P    766
126,1,1,1,0,1,0,0.,0.,1.,1.,1.,1.,1.,0.,0.,1.,1.,0.,0.,1.,0.,        547P    767
0.,1.;                                                               547P    768
110,5.,470.,18.302135624,5.,525.,18.302135624;                       549P    769
102,4,535,539,543,547;                                               551P    770
102,4,537,541,545,549;                                               553P    771
142,1,533,551,553,1;                                                 555P    772
144,533,1,0,555;                                                     557P    773
128,1,1,1,1,0,0,1,0,0,0.,0.,1.,1.,0.,0.,1.,1.,1.,1.,1.,1.,-5.,       559P    774
470.,14.142135624,-5.,470.,18.302135624,-5.,525.,14.142135624,       559P    775
-5.,525.,18.302135624,0.,1.,0.,1.;                                   559P    776
126,1,1,1,0,1,0,0.,0.,1.,1.,1.,1.,1.,1.,0.,0.,1.,0.,0.,1.,0.,        561P    777
0.,1.;                                                               561P    778
110,-5.,525.,18.302135624,-5.,525.,14.142135624;                     563P    779
126,1,1,1,0,1,0,0.,0.,1.,1.,1.,1.,0.,1.,0.,0.,0.,0.,0.,1.,0.,        565P    780
0.,1.;                                                               565P    781
110,-5.,525.,14.142135624,-5.,470.,14.142135624;                     567P    782
126,1,1,1,0,1,0,0.,0.,1.,1.,1.,1.,0.,0.,0.,1.,0.,0.,0.,1.,0.,        569P    783
0.,1.;                                                               569P    784
110,-5.,470.,14.142135624,-5.,470.,18.302135624;                     571P    785
126,1,1,1,0,1,0,0.,0.,1.,1.,1.,1.,1.,0.,0.,1.,1.,0.,0.,1.,0.,        573P    786
0.,1.;                                                               573P    787
110,-5.,470.,18.302135624,-5.,525.,18.302135624;                     575P    788
102,4,561,565,569,573;                                               577P    789
102,4,563,567,571,575;                                               579P    790
142,1,559,577,579,1;                                                 581P    791
144,559,1,0,581;                                                     583P    792
128,1,1,1,1,0,0,1,0,0,0.,0.,1.,1.,0.,0.,1.,1.,1.,1.,1.,1.,-5.,       585P    793
470.,14.117175624,-5.,470.,18.302135624,5.,470.,14.117175624,        585P    794
5.,470.,18.302135624,0.,1.,0.,1.;                                    585P    795
126,4,2,1,0,1,0,0.,0.,0.,0.5,0.5,1.,1.,1.,1.,1.,1.,1.,1.,            587P    796
0.210951688,0.5,0.,0.210951688,0.37225365,0.,0.159333129,            587P    797
0.246347032,0.,0.10771457,0.120440414,0.,0.005964215,0.,0.,0.,       587P    798
1.,0.,0.,1.;                                                         587P    799
124,6.12323399573677E-17,-1.,0.,470.,6.12323399573677E-17,           589P    800
3.74939945665464E-33,-1.,470.,1.,6.12323399573677E-17,               589P    801
6.12323399573677E-17,-2.87791997799628E-14;                          589P    802
100,0.,0.,470.,15.,470.,14.142135624,475.;                           591P    803
126,1,1,1,0,1,0,0.,0.,1.,1.,1.,1.,0.005964215,0.,0.,1.,0.,0.,        593P    804
0.,1.,0.,0.,1.;                                                      593P    805
110,-5.,470.,14.142135624,-5.,470.,18.302135624;                     595P    806
126,1,1,1,0,1,0,0.,0.,1.,1.,1.,1.,1.,0.,0.,1.,1.,0.,0.,1.,0.,        597P    807
0.,1.;                                                               597P    808
110,-5.,470.,18.302135624,5.,470.,18.302135624;                      599P    809
126,1,1,1,0,1,0,0.,0.,1.,1.,1.,1.,1.,1.,0.,0.005964215,1.,0.,        601P    810
0.,1.,0.,0.,1.;                                                      601P    811
110,5.,470.,18.302135624,5.,470.,14.142135624;                       603P    812
126,4,2,1,0,1,0,0.,0.,0.,0.5,0.5,1.,1.,1.,1.,1.,1.,1.,1.,            605P    813
0.005964215,1.,0.,0.10771457,0.879559586,0.,0.159333129,             605P    814
0.753652968,0.,0.210951688,0.62774635,0.,0.210951688,0.5,0.,0.,      605P    815
1.,0.,0.,1.;                                                         605P    816
124,0.333333333333335,-0.942809041582063,0.,443.12024954357,         607P    817
5.77304037490329E-17,2.04107799857893E-17,-1.,470.,                  607P    818
0.942809041582063,0.333333333333335,6.12323399573677E-17,            607P    819
-156.666666666667;                                                   607P    820
100,0.,0.,470.,15.,470.,14.142135624,475.;                           609P    821
102,5,587,593,597,601,605;                                           611P    822
102,5,591,595,599,603,609;                                           613P    823
142,1,585,611,613,1;                                                 615P    824
144,585,1,0,615;                                                     617P    825
S      1G      5D    618P    825                                        T      1
